[
  {
    "name": "vm_intakeform_serial",
    "dataType": "EditText",
    "pageName": "vmmc_regandproc1",
    "IsIndexed": true,
    "IsRequired": true,
    "Label": "Intake Form Serial",
    "fieldType": "Integer",
    "fieldName": "",
    "listName": null,
    "lookupValue": null
  },
  {
    "name": "vm_date_firstedited",
    "dataType": "DatePicker",
    "pageName": "vmmc_regandproc1",
    "IsIndexed": false,
    "IsRequired": false,
    "Label": "Date of Data Entry",
    "fieldType": "today",
    "fieldName": "",
    "listName": null,
    "lookupValue": null
  },
  {
    "name": "vm_data_entered_by",
    "dataType": "EditText",
    "pageName": "vmmc_regandproc1",
    "IsIndexed": false,
    "IsRequired": false,
    "Label": "Data Entry By",
    "fieldType": "username",
    "fieldName": "",
    "listName": null,
    "lookupValue": null
  },
  {
    "name": "vm_facility_name",
    "dataType": "EditText",
    "pageName": "vmmc_regandproc1",
    "IsIndexed": true,
    "IsRequired": true,
    "Label": "Facility Name",
    "fieldType": "Text",
    "fieldName": "",
    "listName": null,
    "lookupValue": null
  },
  {
    "name": "vm_outreach_name",
    "dataType": "EditText",
    "pageName": "vmmc_regandproc1",
    "IsIndexed": false,
    "IsRequired": false,
    "Label": "Outreach Name",
    "fieldType": "Text",
    "fieldName": "",
    "listName": null,
    "lookupValue": null
  },
  {
    "name": "vm_facility_type_outreach",
    "dataType": "RadioButton",
    "pageName": "vmmc_regandproc1",
    "IsIndexed": true,
    "IsRequired": true,
    "Label": "Outreach Name (if site is not a health center) [Outreach]",
    "fieldType": "Single Select",
    "fieldName": "vm_facility_type",
    "listName": "vm_facility_type",
    "lookupValue": "Outreach"
  },
  {
    "name": "vm_facility_type_static",
    "dataType": "RadioButton",
    "pageName": "vmmc_regandproc1",
    "IsIndexed": true,
    "IsRequired": true,
    "Label": "Outreach Name (if site is not a health center) [Static]",
    "fieldType": "Single Select",
    "fieldName": "vm_facility_type",
    "listName": "vm_facility_type",
    "lookupValue": "Static"
  },
  {
    "name": "vm_mc_number",
    "dataType": "EditText",
    "pageName": "vmmc_regandproc1",
    "IsIndexed": true,
    "IsRequired": true,
    "Label": "Client ID / Register Number",
    "fieldType": "Integer",
    "fieldName": "",
    "listName": null,
    "lookupValue": null
  },
  {
    "name": "vm_registration_date",
    "dataType": "DatePicker",
    "pageName": "vmmc_regandproc1",
    "IsIndexed": true,
    "IsRequired": true,
    "Label": "Registration Date",
    "fieldType": "Date",
    "fieldName": "",
    "listName": null,
    "lookupValue": null
  },
  {
    "name": "vm_last_name",
    "dataType": "EditText",
    "pageName": "vmmc_regandproc1",
    "IsIndexed": true,
    "IsRequired": true,
    "Label": "Client Last Name",
    "fieldType": "Text",
    "fieldName": "",
    "listName": null,
    "lookupValue": null
  },
  {
    "name": "vm_first_name",
    "dataType": "EditText",
    "pageName": "vmmc_regandproc1",
    "IsIndexed": true,
    "IsRequired": true,
    "Label": "Client First Name",
    "fieldType": "Text",
    "fieldName": "",
    "listName": null,
    "lookupValue": null
  },
  {
    "name": "vm_date_of_birth",
    "dataType": "DatePicker",
    "pageName": "vmmc_regandproc1",
    "IsIndexed": true,
    "IsRequired": true,
    "Label": "Date of Birth",
    "fieldType": "Date",
    "fieldName": "",
    "listName": null,
    "lookupValue": null
  },
  {
    "name": "vm_age_units_mo",
    "dataType": "RadioButton",
    "pageName": "vmmc_regandproc1",
    "IsIndexed": false,
    "IsRequired": false,
    "Label": "Age Units [Mo.]",
    "fieldType": "Single Select",
    "fieldName": "vm_age_units",
    "listName": "vm_age_units",
    "lookupValue": "Mo."
  },
  {
    "name": "vm_age_units_yrs",
    "dataType": "RadioButton",
    "pageName": "vmmc_regandproc1",
    "IsIndexed": false,
    "IsRequired": false,
    "Label": "Age Units [Yrs]",
    "fieldType": "Single Select",
    "fieldName": "vm_age_units",
    "listName": "vm_age_units",
    "lookupValue": "Yrs"
  },
  {
    "name": "vm_age",
    "dataType": "EditText",
    "pageName": "vmmc_regandproc1",
    "IsIndexed": false,
    "IsRequired": false,
    "Label": "Age",
    "fieldType": "Integer",
    "fieldName": "",
    "listName": null,
    "lookupValue": null
  },
  {
    "name": "vm_nrc_passport",
    "dataType": "EditText",
    "pageName": "vmmc_regandproc1",
    "IsIndexed": true,
    "IsRequired": true,
    "Label": "NRC / Passport",
    "fieldType": "Text",
    "fieldName": "",
    "listName": null,
    "lookupValue": null
  },
  {
    "name": "vm_phone_number",
    "dataType": "EditText",
    "pageName": "vmmc_regandproc1",
    "IsIndexed": true,
    "IsRequired": true,
    "Label": "Contact Phone Nummber",
    "fieldType": "CellNumber",
    "fieldName": "",
    "listName": null,
    "lookupValue": null
  },
  {
    "name": "vm_next_of_kin",
    "dataType": "EditText",
    "pageName": "vmmc_regandproc1",
    "IsIndexed": false,
    "IsRequired": false,
    "Label": "Next of Kin Names",
    "fieldType": "Text",
    "fieldName": "",
    "listName": null,
    "lookupValue": null
  },
  {
    "name": "vm_phone_nextofkin",
    "dataType": "EditText",
    "pageName": "vmmc_regandproc1",
    "IsIndexed": false,
    "IsRequired": false,
    "Label": "Next of Kin Phone Nunber",
    "fieldType": "CellNumber",
    "fieldName": "",
    "listName": null,
    "lookupValue": null
  },
  {
    "name": "vm_tribe",
    "dataType": "EditText",
    "pageName": "vmmc_regandproc1",
    "IsIndexed": false,
    "IsRequired": false,
    "Label": "Tribe",
    "fieldType": "Text",
    "fieldName": "",
    "listName": null,
    "lookupValue": null
  },
  {
    "name": "vm_religion_christian",
    "dataType": "RadioButton",
    "pageName": "vmmc_regandproc1",
    "IsIndexed": false,
    "IsRequired": false,
    "Label": "Religion [Christian]",
    "fieldType": "Single Select",
    "fieldName": "vm_religion",
    "listName": "vm_religion",
    "lookupValue": "Christian"
  },
  {
    "name": "vm_religion_islam",
    "dataType": "RadioButton",
    "pageName": "vmmc_regandproc1",
    "IsIndexed": false,
    "IsRequired": false,
    "Label": "Religion [Islam]",
    "fieldType": "Single Select",
    "fieldName": "vm_religion",
    "listName": "vm_religion",
    "lookupValue": "Islam"
  },
  {
    "name": "vm_religion_other",
    "dataType": "RadioButton",
    "pageName": "vmmc_regandproc1",
    "IsIndexed": false,
    "IsRequired": false,
    "Label": "Religion [Other]",
    "fieldType": "Single Select",
    "fieldName": "vm_religion",
    "listName": "vm_religion",
    "lookupValue": "Other"
  },
  {
    "name": "vm_other_religion_specified",
    "dataType": "EditText",
    "pageName": "vmmc_regandproc1",
    "IsIndexed": false,
    "IsRequired": false,
    "Label": "If Other Religion, Specify",
    "fieldType": "Text",
    "fieldName": "",
    "listName": null,
    "lookupValue": null
  },
  {
    "name": "vm_house_plotno",
    "dataType": "EditText",
    "pageName": "vmmc_regandproc1",
    "IsIndexed": true,
    "IsRequired": true,
    "Label": "House / Plot No",
    "fieldType": "Text",
    "fieldName": "",
    "listName": null,
    "lookupValue": null
  },
  {
    "name": "vm_street",
    "dataType": "EditText",
    "pageName": "vmmc_regandproc1",
    "IsIndexed": true,
    "IsRequired": true,
    "Label": "Street",
    "fieldType": "Text",
    "fieldName": "",
    "listName": null,
    "lookupValue": null
  },
  {
    "name": "vm_township",
    "dataType": "EditText",
    "pageName": "vmmc_regandproc1",
    "IsIndexed": true,
    "IsRequired": true,
    "Label": "Township",
    "fieldType": "Text",
    "fieldName": "",
    "listName": null,
    "lookupValue": null
  },
  {
    "name": "vm_village",
    "dataType": "EditText",
    "pageName": "vmmc_regandproc1",
    "IsIndexed": true,
    "IsRequired": true,
    "Label": "If Rural, Village",
    "fieldType": "Text",
    "fieldName": "",
    "listName": null,
    "lookupValue": null
  },
  {
    "name": "vm_chief",
    "dataType": "EditText",
    "pageName": "vmmc_regandproc1",
    "IsIndexed": true,
    "IsRequired": true,
    "Label": "Chief",
    "fieldType": "Text",
    "fieldName": "",
    "listName": null,
    "lookupValue": null
  },
  {
    "name": "vm_marital_status_single",
    "dataType": "RadioButton",
    "pageName": "vmmc_regandproc1",
    "IsIndexed": false,
    "IsRequired": false,
    "Label": "Marital Status [Single]",
    "fieldType": "Single Select",
    "fieldName": "vm_marital_status",
    "listName": "vm_marital_status",
    "lookupValue": "Single"
  },
  {
    "name": "vm_marital_status_divorced",
    "dataType": "RadioButton",
    "pageName": "vmmc_regandproc1",
    "IsIndexed": false,
    "IsRequired": false,
    "Label": "Marital Status [Divorced]",
    "fieldType": "Single Select",
    "fieldName": "vm_marital_status",
    "listName": "vm_marital_status",
    "lookupValue": "Divorced"
  },
  {
    "name": "vm_marital_status_married",
    "dataType": "RadioButton",
    "pageName": "vmmc_regandproc1",
    "IsIndexed": false,
    "IsRequired": false,
    "Label": "Marital Status [Married]",
    "fieldType": "Single Select",
    "fieldName": "vm_marital_status",
    "listName": "vm_marital_status",
    "lookupValue": "Married"
  },
  {
    "name": "vm_marital_status_widower",
    "dataType": "RadioButton",
    "pageName": "vmmc_regandproc1",
    "IsIndexed": false,
    "IsRequired": false,
    "Label": "Marital Status [Widower]",
    "fieldType": "Single Select",
    "fieldName": "vm_marital_status",
    "listName": "vm_marital_status",
    "lookupValue": "Widower"
  },
  {
    "name": "vm_marital_status_cohabiting",
    "dataType": "RadioButton",
    "pageName": "vmmc_regandproc1",
    "IsIndexed": false,
    "IsRequired": false,
    "Label": "Marital Status [Co-habiting]",
    "fieldType": "Single Select",
    "fieldName": "vm_marital_status",
    "listName": "vm_marital_status",
    "lookupValue": "Co-habiting"
  },
  {
    "name": "vm_mmc_reasons_partialhivprotection",
    "dataType": "CheckBox",
    "pageName": "vmmc_regandproc2",
    "IsIndexed": false,
    "IsRequired": false,
    "Label": "Primary reasons for seeking circumcision services [Partial HIV Protection]",
    "fieldType": "Single Multiple",
    "fieldName": "vm_mmc_reasons",
    "listName": "vm_mmc_reasons",
    "lookupValue": "Partial HIV Protection"
  },
  {
    "name": "vm_mmc_reasons_religious",
    "dataType": "CheckBox",
    "pageName": "vmmc_regandproc2",
    "IsIndexed": false,
    "IsRequired": false,
    "Label": "Primary reasons for seeking circumcision services [Religious]",
    "fieldType": "Single Multiple",
    "fieldName": "vm_mmc_reasons",
    "listName": "vm_mmc_reasons",
    "lookupValue": "Religious"
  },
  {
    "name": "vm_mmc_reasons_medicalprotection",
    "dataType": "CheckBox",
    "pageName": "vmmc_regandproc2",
    "IsIndexed": false,
    "IsRequired": false,
    "Label": "Primary reasons for seeking circumcision services [Medical Protection]",
    "fieldType": "Single Multiple",
    "fieldName": "vm_mmc_reasons",
    "listName": "vm_mmc_reasons",
    "lookupValue": "Medical Protection"
  },
  {
    "name": "vm_mmc_reasons_sexualenhancement",
    "dataType": "CheckBox",
    "pageName": "vmmc_regandproc2",
    "IsIndexed": false,
    "IsRequired": false,
    "Label": "Primary reasons for seeking circumcision services [Sexual Enhancement]",
    "fieldType": "Single Multiple",
    "fieldName": "vm_mmc_reasons",
    "listName": "vm_mmc_reasons",
    "lookupValue": "Sexual Enhancement"
  },
  {
    "name": "vm_mmc_reasons_hygiene",
    "dataType": "CheckBox",
    "pageName": "vmmc_regandproc2",
    "IsIndexed": false,
    "IsRequired": false,
    "Label": "Primary reasons for seeking circumcision services [Hygiene]",
    "fieldType": "Single Multiple",
    "fieldName": "vm_mmc_reasons",
    "listName": "vm_mmc_reasons",
    "lookupValue": "Hygiene"
  },
  {
    "name": "vm_mmc_reasons_cultural",
    "dataType": "CheckBox",
    "pageName": "vmmc_regandproc2",
    "IsIndexed": false,
    "IsRequired": false,
    "Label": "Primary reasons for seeking circumcision services [Cultural]",
    "fieldType": "Single Multiple",
    "fieldName": "vm_mmc_reasons",
    "listName": "vm_mmc_reasons",
    "lookupValue": "Cultural"
  },
  {
    "name": "vm_mmc_reasons_other",
    "dataType": "CheckBox",
    "pageName": "vmmc_regandproc2",
    "IsIndexed": false,
    "IsRequired": false,
    "Label": "Primary reasons for seeking circumcision services [Other]",
    "fieldType": "Single Multiple",
    "fieldName": "vm_mmc_reasons",
    "listName": "vm_mmc_reasons",
    "lookupValue": "Other"
  },
  {
    "name": "vm_other_mmc_reasons",
    "dataType": "EditText",
    "pageName": "vmmc_regandproc2",
    "IsIndexed": false,
    "IsRequired": false,
    "Label": "If Other, Specify",
    "fieldType": "Text",
    "fieldName": "",
    "listName": null,
    "lookupValue": null
  },
  {
    "name": "vm_how_client_learnt_mmc_friendfamily",
    "dataType": "CheckBox",
    "pageName": "vmmc_regandproc2",
    "IsIndexed": false,
    "IsRequired": false,
    "Label": "How did the client learn that MC service is offered here [Friend / Family]",
    "fieldType": "Single Multiple",
    "fieldName": "vm_how_client_learnt_mmc",
    "listName": "vm_how_client_learnt_mmc",
    "lookupValue": "Friend / Family"
  },
  {
    "name": "vm_how_client_learnt_mmc_partnerspouse",
    "dataType": "CheckBox",
    "pageName": "vmmc_regandproc2",
    "IsIndexed": false,
    "IsRequired": false,
    "Label": "How did the client learn that MC service is offered here [Partner / Spouse]",
    "fieldType": "Single Multiple",
    "fieldName": "vm_how_client_learnt_mmc",
    "listName": "vm_how_client_learnt_mmc",
    "lookupValue": "Partner / Spouse"
  },
  {
    "name": "vm_how_client_learnt_mmc_vehiclepasystem",
    "dataType": "CheckBox",
    "pageName": "vmmc_regandproc2",
    "IsIndexed": false,
    "IsRequired": false,
    "Label": "How did the client learn that MC service is offered here [Vehicle PA System]",
    "fieldType": "Single Multiple",
    "fieldName": "vm_how_client_learnt_mmc",
    "listName": "vm_how_client_learnt_mmc",
    "lookupValue": "Vehicle PA System"
  },
  {
    "name": "vm_how_client_learnt_mmc_socialmedia",
    "dataType": "CheckBox",
    "pageName": "vmmc_regandproc2",
    "IsIndexed": false,
    "IsRequired": false,
    "Label": "How did the client learn that MC service is offered here [Social Media]",
    "fieldType": "Single Multiple",
    "fieldName": "vm_how_client_learnt_mmc",
    "listName": "vm_how_client_learnt_mmc",
    "lookupValue": "Social Media"
  },
  {
    "name": "vm_how_client_learnt_mmc_printmaterialposterleaflet",
    "dataType": "CheckBox",
    "pageName": "vmmc_regandproc2",
    "IsIndexed": false,
    "IsRequired": false,
    "Label": "How did the client learn that MC service is offered here [Print Material/Poster/Leaflet]",
    "fieldType": "Single Multiple",
    "fieldName": "vm_how_client_learnt_mmc",
    "listName": "vm_how_client_learnt_mmc",
    "lookupValue": "Print Material/Poster/Leaflet"
  },
  {
    "name": "vm_how_client_learnt_mmc_radiotv",
    "dataType": "CheckBox",
    "pageName": "vmmc_regandproc2",
    "IsIndexed": false,
    "IsRequired": false,
    "Label": "How did the client learn that MC service is offered here [Radio / TV]",
    "fieldType": "Single Multiple",
    "fieldName": "vm_how_client_learnt_mmc",
    "listName": "vm_how_client_learnt_mmc",
    "lookupValue": "Radio / TV"
  },
  {
    "name": "vm_how_client_learnt_mmc_communitymobilizer",
    "dataType": "CheckBox",
    "pageName": "vmmc_regandproc2",
    "IsIndexed": false,
    "IsRequired": false,
    "Label": "How did the client learn that MC service is offered here [Community Mobilizer]",
    "fieldType": "Single Multiple",
    "fieldName": "vm_how_client_learnt_mmc",
    "listName": "vm_how_client_learnt_mmc",
    "lookupValue": "Community Mobilizer"
  },
  {
    "name": "vm_how_client_learnt_mmc_communitymeeting",
    "dataType": "CheckBox",
    "pageName": "vmmc_regandproc2",
    "IsIndexed": false,
    "IsRequired": false,
    "Label": "How did the client learn that MC service is offered here [Community Meeting]",
    "fieldType": "Single Multiple",
    "fieldName": "vm_how_client_learnt_mmc",
    "listName": "vm_how_client_learnt_mmc",
    "lookupValue": "Community Meeting"
  },
  {
    "name": "vm_how_client_learnt_mmc_healthfacility",
    "dataType": "CheckBox",
    "pageName": "vmmc_regandproc2",
    "IsIndexed": false,
    "IsRequired": false,
    "Label": "How did the client learn that MC service is offered here [Health Facility]",
    "fieldType": "Single Multiple",
    "fieldName": "vm_how_client_learnt_mmc",
    "listName": "vm_how_client_learnt_mmc",
    "lookupValue": "Health Facility"
  },
  {
    "name": "vm_known_status_reactive",
    "dataType": "RadioButton",
    "pageName": "vmmc_regandproc2",
    "IsIndexed": false,
    "IsRequired": false,
    "Label": "Known Status  (with evidence) [Reactive]",
    "fieldType": "Single Select",
    "fieldName": "vm_known_status",
    "listName": "vm_known_status",
    "lookupValue": "Reactive"
  },
  {
    "name": "vm_known_status_nonreactive",
    "dataType": "RadioButton",
    "pageName": "vmmc_regandproc2",
    "IsIndexed": false,
    "IsRequired": false,
    "Label": "Known Status  (with evidence) [Non-reactive]",
    "fieldType": "Single Select",
    "fieldName": "vm_known_status",
    "listName": "vm_known_status",
    "lookupValue": "Non-reactive"
  },
  {
    "name": "vm_services_offered_counseling",
    "dataType": "CheckBox",
    "pageName": "vmmc_regandproc2",
    "IsIndexed": false,
    "IsRequired": false,
    "Label": "Services offered [Counseling]",
    "fieldType": "Single Multiple",
    "fieldName": "vm_services_offered",
    "listName": "vm_services_offered",
    "lookupValue": "Counseling"
  },
  {
    "name": "vm_services_offered_hivtesting",
    "dataType": "CheckBox",
    "pageName": "vmmc_regandproc2",
    "IsIndexed": false,
    "IsRequired": false,
    "Label": "Services offered [HIV Testing]",
    "fieldType": "Single Multiple",
    "fieldName": "vm_services_offered",
    "listName": "vm_services_offered",
    "lookupValue": "HIV Testing"
  },
  {
    "name": "vm_services_offered_resultscollected",
    "dataType": "CheckBox",
    "pageName": "vmmc_regandproc2",
    "IsIndexed": false,
    "IsRequired": false,
    "Label": "Services offered [Results Collected]",
    "fieldType": "Single Multiple",
    "fieldName": "vm_services_offered",
    "listName": "vm_services_offered",
    "lookupValue": "Results Collected"
  },
  {
    "name": "vm_hiv_test_result_reactive",
    "dataType": "RadioButton",
    "pageName": "vmmc_regandproc2",
    "IsIndexed": false,
    "IsRequired": false,
    "Label": "HIV Test Result (if tested) [Reactive]",
    "fieldType": "Single Select",
    "fieldName": "vm_hiv_test_result",
    "listName": "vm_hiv_test_result",
    "lookupValue": "Reactive"
  },
  {
    "name": "vm_hiv_test_result_nonreactive",
    "dataType": "RadioButton",
    "pageName": "vmmc_regandproc2",
    "IsIndexed": false,
    "IsRequired": false,
    "Label": "HIV Test Result (if tested) [Non-reactive]",
    "fieldType": "Single Select",
    "fieldName": "vm_hiv_test_result",
    "listName": "vm_hiv_test_result",
    "lookupValue": "Non-reactive"
  },
  {
    "name": "vm_hiv_test_result_indeterminate",
    "dataType": "RadioButton",
    "pageName": "vmmc_regandproc2",
    "IsIndexed": false,
    "IsRequired": false,
    "Label": "HIV Test Result (if tested) [Indeterminate]",
    "fieldType": "Single Select",
    "fieldName": "vm_hiv_test_result",
    "listName": "vm_hiv_test_result",
    "lookupValue": "Indeterminate"
  },
  {
    "name": "vm_sexual_past_3_mos_yes",
    "dataType": "RadioButton",
    "pageName": "vmmc_regandproc2",
    "IsIndexed": false,
    "IsRequired": false,
    "Label": "Did client have sexual intercourse in the past 3 months [Yes]",
    "fieldType": "Single Select",
    "fieldName": "vm_sexual_past_3_mos",
    "listName": "vm_yes_no",
    "lookupValue": "Yes"
  },
  {
    "name": "vm_sexual_past_3_mos_no",
    "dataType": "RadioButton",
    "pageName": "vmmc_regandproc2",
    "IsIndexed": false,
    "IsRequired": false,
    "Label": "Did client have sexual intercourse in the past 3 months [No]",
    "fieldType": "Single Select",
    "fieldName": "vm_sexual_past_3_mos",
    "listName": "vm_yes_no",
    "lookupValue": "No"
  },
  {
    "name": "vm_did_client_use_condom_yes",
    "dataType": "RadioButton",
    "pageName": "vmmc_regandproc2",
    "IsIndexed": false,
    "IsRequired": false,
    "Label": "Did Client use a condom [Yes]",
    "fieldType": "Single Select",
    "fieldName": "vm_did_client_use_condom",
    "listName": "vm_yes_no",
    "lookupValue": "Yes"
  },
  {
    "name": "vm_did_client_use_condom_no",
    "dataType": "RadioButton",
    "pageName": "vmmc_regandproc2",
    "IsIndexed": false,
    "IsRequired": false,
    "Label": "Did Client use a condom [No]",
    "fieldType": "Single Select",
    "fieldName": "vm_did_client_use_condom",
    "listName": "vm_yes_no",
    "lookupValue": "No"
  },
  {
    "name": "vm_client_health_cond_haemophilia",
    "dataType": "CheckBox",
    "pageName": "vmmc_regandproc2",
    "IsIndexed": false,
    "IsRequired": false,
    "Label": "Does client have any of these conditions? [Haemophilia]",
    "fieldType": "Single Multiple",
    "fieldName": "vm_client_health_cond",
    "listName": "vm_client_health_cond",
    "lookupValue": "Haemophilia"
  },
  {
    "name": "vm_client_health_cond_hypertension",
    "dataType": "CheckBox",
    "pageName": "vmmc_regandproc2",
    "IsIndexed": false,
    "IsRequired": false,
    "Label": "Does client have any of these conditions? [Hypertension]",
    "fieldType": "Single Multiple",
    "fieldName": "vm_client_health_cond",
    "listName": "vm_client_health_cond",
    "lookupValue": "Hypertension"
  },
  {
    "name": "vm_client_health_cond_diabetessugardiseases",
    "dataType": "CheckBox",
    "pageName": "vmmc_regandproc2",
    "IsIndexed": false,
    "IsRequired": false,
    "Label": "Does client have any of these conditions? [Diabetes/Sugar Diseases]",
    "fieldType": "Single Multiple",
    "fieldName": "vm_client_health_cond",
    "listName": "vm_client_health_cond",
    "lookupValue": "Diabetes/Sugar Diseases"
  },
  {
    "name": "vm_client_health_cond_sicklecell",
    "dataType": "CheckBox",
    "pageName": "vmmc_regandproc2",
    "IsIndexed": false,
    "IsRequired": false,
    "Label": "Does client have any of these conditions? [Sickle cell]",
    "fieldType": "Single Multiple",
    "fieldName": "vm_client_health_cond",
    "listName": "vm_client_health_cond",
    "lookupValue": "Sickle cell"
  },
  {
    "name": "vm_client_health_cond_bleedingnosemouth",
    "dataType": "CheckBox",
    "pageName": "vmmc_regandproc2",
    "IsIndexed": false,
    "IsRequired": false,
    "Label": "Does client have any of these conditions? [Bleeding Nose/Mouth]",
    "fieldType": "Single Multiple",
    "fieldName": "vm_client_health_cond",
    "listName": "vm_client_health_cond",
    "lookupValue": "Bleeding Nose/Mouth"
  },
  {
    "name": "vm_bleeding_probs_fam_mbrs_yes",
    "dataType": "RadioButton",
    "pageName": "vmmc_regandproc3",
    "IsIndexed": false,
    "IsRequired": false,
    "Label": "Do other members of the family have Bleeding problems [Yes]",
    "fieldType": "Single Select",
    "fieldName": "vm_bleeding_probs_fam_mbrs",
    "listName": "vm_yes_no",
    "lookupValue": "Yes"
  },
  {
    "name": "vm_bleeding_probs_fam_mbrs_no",
    "dataType": "RadioButton",
    "pageName": "vmmc_regandproc3",
    "IsIndexed": false,
    "IsRequired": false,
    "Label": "Do other members of the family have Bleeding problems [No]",
    "fieldType": "Single Select",
    "fieldName": "vm_bleeding_probs_fam_mbrs",
    "listName": "vm_yes_no",
    "lookupValue": "No"
  },
  {
    "name": "vm_client_had_surgops_yes",
    "dataType": "RadioButton",
    "pageName": "vmmc_regandproc3",
    "IsIndexed": false,
    "IsRequired": false,
    "Label": "Has client had any surgical operations in the past [Yes]",
    "fieldType": "Single Select",
    "fieldName": "vm_client_had_surgops",
    "listName": "vm_yes_no",
    "lookupValue": "Yes"
  },
  {
    "name": "vm_client_had_surgops_no",
    "dataType": "RadioButton",
    "pageName": "vmmc_regandproc3",
    "IsIndexed": false,
    "IsRequired": false,
    "Label": "Has client had any surgical operations in the past [No]",
    "fieldType": "Single Select",
    "fieldName": "vm_client_had_surgops",
    "listName": "vm_yes_no",
    "lookupValue": "No"
  },
  {
    "name": "vm_client_surgops_spec",
    "dataType": "EditText",
    "pageName": "vmmc_regandproc3",
    "IsIndexed": false,
    "IsRequired": false,
    "Label": "If Yes, specify:",
    "fieldType": "Text",
    "fieldName": "",
    "listName": null,
    "lookupValue": null
  },
  {
    "name": "vm_client_surgops_comp",
    "dataType": "EditText",
    "pageName": "vmmc_regandproc3",
    "IsIndexed": false,
    "IsRequired": false,
    "Label": "Any complications:",
    "fieldType": "Text",
    "fieldName": "",
    "listName": null,
    "lookupValue": null
  },
  {
    "name": "vm_client_allergic_to_meds_yes",
    "dataType": "RadioButton",
    "pageName": "vmmc_regandproc3",
    "IsIndexed": false,
    "IsRequired": false,
    "Label": "Is Client allergic to any medications [Yes]",
    "fieldType": "Single Select",
    "fieldName": "vm_client_allergic_to_meds",
    "listName": "vm_yes_no",
    "lookupValue": "Yes"
  },
  {
    "name": "vm_client_allergic_to_meds_no",
    "dataType": "RadioButton",
    "pageName": "vmmc_regandproc3",
    "IsIndexed": false,
    "IsRequired": false,
    "Label": "Is Client allergic to any medications [No]",
    "fieldType": "Single Select",
    "fieldName": "vm_client_allergic_to_meds",
    "listName": "vm_yes_no",
    "lookupValue": "No"
  },
  {
    "name": "vm_meds_client_allergic_to",
    "dataType": "EditText",
    "pageName": "vmmc_regandproc3",
    "IsIndexed": false,
    "IsRequired": false,
    "Label": "If Yes, specify:",
    "fieldType": "Text",
    "fieldName": "",
    "listName": null,
    "lookupValue": null
  },
  {
    "name": "vm_client_taking_meds_yes",
    "dataType": "RadioButton",
    "pageName": "vmmc_regandproc3",
    "IsIndexed": false,
    "IsRequired": false,
    "Label": "Is Client currently taking medications [Yes]",
    "fieldType": "Single Select",
    "fieldName": "vm_client_taking_meds",
    "listName": "vm_yes_no",
    "lookupValue": "Yes"
  },
  {
    "name": "vm_client_taking_meds_no",
    "dataType": "RadioButton",
    "pageName": "vmmc_regandproc3",
    "IsIndexed": false,
    "IsRequired": false,
    "Label": "Is Client currently taking medications [No]",
    "fieldType": "Single Select",
    "fieldName": "vm_client_taking_meds",
    "listName": "vm_yes_no",
    "lookupValue": "No"
  },
  {
    "name": "vm_meds_client_taking",
    "dataType": "EditText",
    "pageName": "vmmc_regandproc3",
    "IsIndexed": false,
    "IsRequired": false,
    "Label": "If Yes, specify:",
    "fieldType": "Text",
    "fieldName": "",
    "listName": null,
    "lookupValue": null
  },
  {
    "name": "vm_penile_discharge_yes",
    "dataType": "RadioButton",
    "pageName": "vmmc_regandproc3",
    "IsIndexed": false,
    "IsRequired": false,
    "Label": "Penile Discharge [Yes]",
    "fieldType": "Single Select",
    "fieldName": "vm_penile_discharge",
    "listName": "vm_yes_no",
    "lookupValue": "Yes"
  },
  {
    "name": "vm_penile_discharge_no",
    "dataType": "RadioButton",
    "pageName": "vmmc_regandproc3",
    "IsIndexed": false,
    "IsRequired": false,
    "Label": "Penile Discharge [No]",
    "fieldType": "Single Select",
    "fieldName": "vm_penile_discharge",
    "listName": "vm_yes_no",
    "lookupValue": "No"
  },
  {
    "name": "vm_genital_sore_ulcer_yes",
    "dataType": "RadioButton",
    "pageName": "vmmc_regandproc3",
    "IsIndexed": false,
    "IsRequired": false,
    "Label": "Genital sore (Ulcer) [Yes]",
    "fieldType": "Single Select",
    "fieldName": "vm_genital_sore_ulcer",
    "listName": "vm_yes_no",
    "lookupValue": "Yes"
  },
  {
    "name": "vm_genital_sore_ulcer_no",
    "dataType": "RadioButton",
    "pageName": "vmmc_regandproc3",
    "IsIndexed": false,
    "IsRequired": false,
    "Label": "Genital sore (Ulcer) [No]",
    "fieldType": "Single Select",
    "fieldName": "vm_genital_sore_ulcer",
    "listName": "vm_yes_no",
    "lookupValue": "No"
  },
  {
    "name": "vm_pain_on_erection_yes",
    "dataType": "RadioButton",
    "pageName": "vmmc_regandproc3",
    "IsIndexed": false,
    "IsRequired": false,
    "Label": "Pain on erection [Yes]",
    "fieldType": "Single Select",
    "fieldName": "vm_pain_on_erection",
    "listName": "vm_yes_no",
    "lookupValue": "Yes"
  },
  {
    "name": "vm_pain_on_erection_no",
    "dataType": "RadioButton",
    "pageName": "vmmc_regandproc3",
    "IsIndexed": false,
    "IsRequired": false,
    "Label": "Pain on erection [No]",
    "fieldType": "Single Select",
    "fieldName": "vm_pain_on_erection",
    "listName": "vm_yes_no",
    "lookupValue": "No"
  },
  {
    "name": "vm_swelling_of_scrotum_yes",
    "dataType": "RadioButton",
    "pageName": "vmmc_regandproc3",
    "IsIndexed": false,
    "IsRequired": false,
    "Label": "Swelling of the scrotum [Yes]",
    "fieldType": "Single Select",
    "fieldName": "vm_swelling_of_scrotum",
    "listName": "vm_yes_no",
    "lookupValue": "Yes"
  },
  {
    "name": "vm_swelling_of_scrotum_no",
    "dataType": "RadioButton",
    "pageName": "vmmc_regandproc3",
    "IsIndexed": false,
    "IsRequired": false,
    "Label": "Swelling of the scrotum [No]",
    "fieldType": "Single Select",
    "fieldName": "vm_swelling_of_scrotum",
    "listName": "vm_yes_no",
    "lookupValue": "No"
  },
  {
    "name": "vm_pain_on_urination_yes",
    "dataType": "RadioButton",
    "pageName": "vmmc_regandproc3",
    "IsIndexed": false,
    "IsRequired": false,
    "Label": "Pain on urination [Yes]",
    "fieldType": "Single Select",
    "fieldName": "vm_pain_on_urination",
    "listName": "vm_yes_no",
    "lookupValue": "Yes"
  },
  {
    "name": "vm_pain_on_urination_no",
    "dataType": "RadioButton",
    "pageName": "vmmc_regandproc3",
    "IsIndexed": false,
    "IsRequired": false,
    "Label": "Pain on urination [No]",
    "fieldType": "Single Select",
    "fieldName": "vm_pain_on_urination",
    "listName": "vm_yes_no",
    "lookupValue": "No"
  },
  {
    "name": "vm_diff_retracting_fskin_yes",
    "dataType": "RadioButton",
    "pageName": "vmmc_regandproc3",
    "IsIndexed": false,
    "IsRequired": false,
    "Label": "Difficulty in retracting foreskin [Yes]",
    "fieldType": "Single Select",
    "fieldName": "vm_diff_retracting_fskin",
    "listName": "vm_yes_no",
    "lookupValue": "Yes"
  },
  {
    "name": "vm_diff_retracting_fskin_no",
    "dataType": "RadioButton",
    "pageName": "vmmc_regandproc3",
    "IsIndexed": false,
    "IsRequired": false,
    "Label": "Difficulty in retracting foreskin [No]",
    "fieldType": "Single Select",
    "fieldName": "vm_diff_retracting_fskin",
    "listName": "vm_yes_no",
    "lookupValue": "No"
  },
  {
    "name": "vm_frequent_urination_yes",
    "dataType": "RadioButton",
    "pageName": "vmmc_regandproc3",
    "IsIndexed": false,
    "IsRequired": false,
    "Label": "Frequent Urination [Yes]",
    "fieldType": "Single Select",
    "fieldName": "vm_frequent_urination",
    "listName": "vm_yes_no",
    "lookupValue": "Yes"
  },
  {
    "name": "vm_frequent_urination_no",
    "dataType": "RadioButton",
    "pageName": "vmmc_regandproc3",
    "IsIndexed": false,
    "IsRequired": false,
    "Label": "Frequent Urination [No]",
    "fieldType": "Single Select",
    "fieldName": "vm_frequent_urination",
    "listName": "vm_yes_no",
    "lookupValue": "No"
  },
  {
    "name": "vm_client_other_sti_symp_yes",
    "dataType": "RadioButton",
    "pageName": "vmmc_regandproc3",
    "IsIndexed": false,
    "IsRequired": false,
    "Label": "Other [Yes]",
    "fieldType": "Single Select",
    "fieldName": "vm_client_other_sti_symp",
    "listName": "vm_yes_no",
    "lookupValue": "Yes"
  },
  {
    "name": "vm_client_other_sti_symp_no",
    "dataType": "RadioButton",
    "pageName": "vmmc_regandproc3",
    "IsIndexed": false,
    "IsRequired": false,
    "Label": "Other [No]",
    "fieldType": "Single Select",
    "fieldName": "vm_client_other_sti_symp",
    "listName": "vm_yes_no",
    "lookupValue": "No"
  },
  {
    "name": "vm_other_sti_symptoms",
    "dataType": "EditText",
    "pageName": "vmmc_regandproc3",
    "IsIndexed": false,
    "IsRequired": false,
    "Label": "If Other, Specify",
    "fieldType": "Text",
    "fieldName": "",
    "listName": null,
    "lookupValue": null
  },
  {
    "name": "vm_treated_stis_last_3mos_yes",
    "dataType": "RadioButton",
    "pageName": "vmmc_regandproc3",
    "IsIndexed": false,
    "IsRequired": false,
    "Label": "Was client treated for any STIs in the last 3 months [Yes]",
    "fieldType": "Single Select",
    "fieldName": "vm_treated_stis_last_3mos",
    "listName": "vm_yes_no",
    "lookupValue": "Yes"
  },
  {
    "name": "vm_treated_stis_last_3mos_no",
    "dataType": "RadioButton",
    "pageName": "vmmc_regandproc3",
    "IsIndexed": false,
    "IsRequired": false,
    "Label": "Was client treated for any STIs in the last 3 months [No]",
    "fieldType": "Single Select",
    "fieldName": "vm_treated_stis_last_3mos",
    "listName": "vm_yes_no",
    "lookupValue": "No"
  },
  {
    "name": "vm_pallor_yes",
    "dataType": "RadioButton",
    "pageName": "vmmc_regandproc3",
    "IsIndexed": false,
    "IsRequired": false,
    "Label": "Pallor [Yes]",
    "fieldType": "Single Select",
    "fieldName": "vm_pallor",
    "listName": "vm_yes_no",
    "lookupValue": "Yes"
  },
  {
    "name": "vm_pallor_no",
    "dataType": "RadioButton",
    "pageName": "vmmc_regandproc3",
    "IsIndexed": false,
    "IsRequired": false,
    "Label": "Pallor [No]",
    "fieldType": "Single Select",
    "fieldName": "vm_pallor",
    "listName": "vm_yes_no",
    "lookupValue": "No"
  },
  {
    "name": "vm_jaundice_yes",
    "dataType": "RadioButton",
    "pageName": "vmmc_regandproc3",
    "IsIndexed": false,
    "IsRequired": false,
    "Label": "Jaundice [Yes]",
    "fieldType": "Single Select",
    "fieldName": "vm_jaundice",
    "listName": "vm_yes_no",
    "lookupValue": "Yes"
  },
  {
    "name": "vm_jaundice_no",
    "dataType": "RadioButton",
    "pageName": "vmmc_regandproc3",
    "IsIndexed": false,
    "IsRequired": false,
    "Label": "Jaundice [No]",
    "fieldType": "Single Select",
    "fieldName": "vm_jaundice",
    "listName": "vm_yes_no",
    "lookupValue": "No"
  },
  {
    "name": "vm_febrile_yes",
    "dataType": "RadioButton",
    "pageName": "vmmc_regandproc3",
    "IsIndexed": false,
    "IsRequired": false,
    "Label": "Febrile [Yes]",
    "fieldType": "Single Select",
    "fieldName": "vm_febrile",
    "listName": "vm_yes_no",
    "lookupValue": "Yes"
  },
  {
    "name": "vm_febrile_no",
    "dataType": "RadioButton",
    "pageName": "vmmc_regandproc3",
    "IsIndexed": false,
    "IsRequired": false,
    "Label": "Febrile [No]",
    "fieldType": "Single Select",
    "fieldName": "vm_febrile",
    "listName": "vm_yes_no",
    "lookupValue": "No"
  },
  {
    "name": "vm_pulserate",
    "dataType": "EditText",
    "pageName": "vmmc_regandproc4",
    "IsIndexed": false,
    "IsRequired": false,
    "Label": "Pulse Rate (beats/min)",
    "fieldType": "Integer",
    "fieldName": "",
    "listName": null,
    "lookupValue": null
  },
  {
    "name": "vm_temp",
    "dataType": "EditText",
    "pageName": "vmmc_regandproc4",
    "IsIndexed": false,
    "IsRequired": false,
    "Label": "Temperature",
    "fieldType": "Number",
    "fieldName": "",
    "listName": null,
    "lookupValue": null
  },
  {
    "name": "vm_weight_kg",
    "dataType": "EditText",
    "pageName": "vmmc_regandproc4",
    "IsIndexed": false,
    "IsRequired": false,
    "Label": "Weight (Kg)",
    "fieldType": "Number",
    "fieldName": "",
    "listName": null,
    "lookupValue": null
  },
  {
    "name": "vm_bp_systolic",
    "dataType": "EditText",
    "pageName": "vmmc_regandproc4",
    "IsIndexed": false,
    "IsRequired": false,
    "Label": "BP - Systolic",
    "fieldType": "Integer",
    "fieldName": "",
    "listName": null,
    "lookupValue": null
  },
  {
    "name": "vm_bp_diastolic",
    "dataType": "EditText",
    "pageName": "vmmc_regandproc4",
    "IsIndexed": false,
    "IsRequired": false,
    "Label": "BP - Diastolic",
    "fieldType": "Integer",
    "fieldName": "",
    "listName": null,
    "lookupValue": null
  },
  {
    "name": "vm_gexam_scrotum_normal",
    "dataType": "RadioButton",
    "pageName": "vmmc_regandproc4",
    "IsIndexed": false,
    "IsRequired": false,
    "Label": "Scrotum [Normal]",
    "fieldType": "Single Select",
    "fieldName": "vm_gexam_scrotum",
    "listName": "vm_normal_abnormal",
    "lookupValue": "Normal"
  },
  {
    "name": "vm_gexam_scrotum_abnormal",
    "dataType": "RadioButton",
    "pageName": "vmmc_regandproc4",
    "IsIndexed": false,
    "IsRequired": false,
    "Label": "Scrotum [Abnormal]",
    "fieldType": "Single Select",
    "fieldName": "vm_gexam_scrotum",
    "listName": "vm_normal_abnormal",
    "lookupValue": "Abnormal"
  },
  {
    "name": "vm_gexam_lymph_nodes_normal",
    "dataType": "RadioButton",
    "pageName": "vmmc_regandproc4",
    "IsIndexed": false,
    "IsRequired": false,
    "Label": "Lymph Nodes [Normal]",
    "fieldType": "Single Select",
    "fieldName": "vm_gexam_lymph_nodes",
    "listName": "vm_normal_abnormal",
    "lookupValue": "Normal"
  },
  {
    "name": "vm_gexam_lymph_nodes_abnormal",
    "dataType": "RadioButton",
    "pageName": "vmmc_regandproc4",
    "IsIndexed": false,
    "IsRequired": false,
    "Label": "Lymph Nodes [Abnormal]",
    "fieldType": "Single Select",
    "fieldName": "vm_gexam_lymph_nodes",
    "listName": "vm_normal_abnormal",
    "lookupValue": "Abnormal"
  },
  {
    "name": "vm_gexam_penis_normal",
    "dataType": "RadioButton",
    "pageName": "vmmc_regandproc4",
    "IsIndexed": false,
    "IsRequired": false,
    "Label": "Penis [Normal]",
    "fieldType": "Single Select",
    "fieldName": "vm_gexam_penis",
    "listName": "vm_normal_abnormal",
    "lookupValue": "Normal"
  },
  {
    "name": "vm_gexam_penis_abnormal",
    "dataType": "RadioButton",
    "pageName": "vmmc_regandproc4",
    "IsIndexed": false,
    "IsRequired": false,
    "Label": "Penis [Abnormal]",
    "fieldType": "Single Select",
    "fieldName": "vm_gexam_penis",
    "listName": "vm_normal_abnormal",
    "lookupValue": "Abnormal"
  },
  {
    "name": "vm_gexam_abnormal_penis_phimosis",
    "dataType": "CheckBox",
    "pageName": "vmmc_regandproc4",
    "IsIndexed": false,
    "IsRequired": false,
    "Label": "If penis is abnormal, Tick appropriate condition [Phimosis]",
    "fieldType": "Single Multiple",
    "fieldName": "vm_gexam_abnormal_penis",
    "listName": "vm_gexam_abnormal_penis",
    "lookupValue": "Phimosis"
  },
  {
    "name": "vm_gexam_abnormal_penis_paraphimosis",
    "dataType": "CheckBox",
    "pageName": "vmmc_regandproc4",
    "IsIndexed": false,
    "IsRequired": false,
    "Label": "If penis is abnormal, Tick appropriate condition [Paraphimosis]",
    "fieldType": "Single Multiple",
    "fieldName": "vm_gexam_abnormal_penis",
    "listName": "vm_gexam_abnormal_penis",
    "lookupValue": "Paraphimosis"
  },
  {
    "name": "vm_gexam_abnormal_penis_genitalulcerdisease",
    "dataType": "CheckBox",
    "pageName": "vmmc_regandproc4",
    "IsIndexed": false,
    "IsRequired": false,
    "Label": "If penis is abnormal, Tick appropriate condition [Genital Ulcer Disease]",
    "fieldType": "Single Multiple",
    "fieldName": "vm_gexam_abnormal_penis",
    "listName": "vm_gexam_abnormal_penis",
    "lookupValue": "Genital Ulcer Disease"
  },
  {
    "name": "vm_gexam_abnormal_penis_genitalwarts",
    "dataType": "CheckBox",
    "pageName": "vmmc_regandproc4",
    "IsIndexed": false,
    "IsRequired": false,
    "Label": "If penis is abnormal, Tick appropriate condition [Genital Warts]",
    "fieldType": "Single Multiple",
    "fieldName": "vm_gexam_abnormal_penis",
    "listName": "vm_gexam_abnormal_penis",
    "lookupValue": "Genital Warts"
  },
  {
    "name": "vm_gexam_abnormal_penis_discharge",
    "dataType": "CheckBox",
    "pageName": "vmmc_regandproc4",
    "IsIndexed": false,
    "IsRequired": false,
    "Label": "If penis is abnormal, Tick appropriate condition [Discharge]",
    "fieldType": "Single Multiple",
    "fieldName": "vm_gexam_abnormal_penis",
    "listName": "vm_gexam_abnormal_penis",
    "lookupValue": "Discharge"
  },
  {
    "name": "vm_gexam_abnormal_penis_epispadiasis",
    "dataType": "CheckBox",
    "pageName": "vmmc_regandproc4",
    "IsIndexed": false,
    "IsRequired": false,
    "Label": "If penis is abnormal, Tick appropriate condition [Epispadiasis]",
    "fieldType": "Single Multiple",
    "fieldName": "vm_gexam_abnormal_penis",
    "listName": "vm_gexam_abnormal_penis",
    "lookupValue": "Epispadiasis"
  },
  {
    "name": "vm_gexam_abnormal_penis_hypospadiasis",
    "dataType": "CheckBox",
    "pageName": "vmmc_regandproc4",
    "IsIndexed": false,
    "IsRequired": false,
    "Label": "If penis is abnormal, Tick appropriate condition [Hypospadiasis]",
    "fieldType": "Single Multiple",
    "fieldName": "vm_gexam_abnormal_penis",
    "listName": "vm_gexam_abnormal_penis",
    "lookupValue": "Hypospadiasis"
  },
  {
    "name": "vm_gexam_abnormal_penis_other",
    "dataType": "CheckBox",
    "pageName": "vmmc_regandproc4",
    "IsIndexed": false,
    "IsRequired": false,
    "Label": "If penis is abnormal, Tick appropriate condition [Other]",
    "fieldType": "Single Multiple",
    "fieldName": "vm_gexam_abnormal_penis",
    "listName": "vm_gexam_abnormal_penis",
    "lookupValue": "Other"
  },
  {
    "name": "vm_ge_otherabnormal_penis",
    "dataType": "EditText",
    "pageName": "vmmc_regandproc4",
    "IsIndexed": false,
    "IsRequired": false,
    "Label": "If Other, specify",
    "fieldType": "Text",
    "fieldName": "",
    "listName": null,
    "lookupValue": null
  },
  {
    "name": "vm_referred_to",
    "dataType": "EditText",
    "pageName": "vmmc_regandproc4",
    "IsIndexed": false,
    "IsRequired": false,
    "Label": "Referred to",
    "fieldType": "Text",
    "fieldName": "",
    "listName": null,
    "lookupValue": null
  },
  {
    "name": "vm_referral_penile_abnorm_yes",
    "dataType": "RadioButton",
    "pageName": "vmmc_regandproc4",
    "IsIndexed": false,
    "IsRequired": false,
    "Label": "Penile abnormalities [Yes]",
    "fieldType": "Single Select",
    "fieldName": "vm_referral_penile_abnorm",
    "listName": "vm_yes_no",
    "lookupValue": "Yes"
  },
  {
    "name": "vm_referral_penile_abnorm_no",
    "dataType": "RadioButton",
    "pageName": "vmmc_regandproc4",
    "IsIndexed": false,
    "IsRequired": false,
    "Label": "Penile abnormalities [No]",
    "fieldType": "Single Select",
    "fieldName": "vm_referral_penile_abnorm",
    "listName": "vm_yes_no",
    "lookupValue": "No"
  },
  {
    "name": "vm_referral_hiv_care_yes",
    "dataType": "RadioButton",
    "pageName": "vmmc_regandproc4",
    "IsIndexed": false,
    "IsRequired": false,
    "Label": "HIV Care [Yes]",
    "fieldType": "Single Select",
    "fieldName": "vm_referral_hiv_care",
    "listName": "vm_yes_no",
    "lookupValue": "Yes"
  },
  {
    "name": "vm_referral_hiv_care_no",
    "dataType": "RadioButton",
    "pageName": "vmmc_regandproc4",
    "IsIndexed": false,
    "IsRequired": false,
    "Label": "HIV Care [No]",
    "fieldType": "Single Select",
    "fieldName": "vm_referral_hiv_care",
    "listName": "vm_yes_no",
    "lookupValue": "No"
  },
  {
    "name": "vm_referral_sti_tx_yes",
    "dataType": "RadioButton",
    "pageName": "vmmc_regandproc4",
    "IsIndexed": false,
    "IsRequired": false,
    "Label": "STI Treatment [Yes]",
    "fieldType": "Single Select",
    "fieldName": "vm_referral_sti_tx",
    "listName": "vm_yes_no",
    "lookupValue": "Yes"
  },
  {
    "name": "vm_referral_sti_tx_no",
    "dataType": "RadioButton",
    "pageName": "vmmc_regandproc4",
    "IsIndexed": false,
    "IsRequired": false,
    "Label": "STI Treatment [No]",
    "fieldType": "Single Select",
    "fieldName": "vm_referral_sti_tx",
    "listName": "vm_yes_no",
    "lookupValue": "No"
  },
  {
    "name": "vm_referral_othermedical_yes",
    "dataType": "RadioButton",
    "pageName": "vmmc_regandproc4",
    "IsIndexed": false,
    "IsRequired": false,
    "Label": "Other Medical Conditions [Yes]",
    "fieldType": "Single Select",
    "fieldName": "vm_referral_othermedical",
    "listName": "vm_yes_no",
    "lookupValue": "Yes"
  },
  {
    "name": "vm_referral_othermedical_no",
    "dataType": "RadioButton",
    "pageName": "vmmc_regandproc4",
    "IsIndexed": false,
    "IsRequired": false,
    "Label": "Other Medical Conditions [No]",
    "fieldType": "Single Select",
    "fieldName": "vm_referral_othermedical",
    "listName": "vm_yes_no",
    "lookupValue": "No"
  },
  {
    "name": "vm_other_reasons_referral",
    "dataType": "EditText",
    "pageName": "vmmc_regandproc4",
    "IsIndexed": false,
    "IsRequired": false,
    "Label": "If Other medical condtitions, specify:",
    "fieldType": "Text",
    "fieldName": "",
    "listName": null,
    "lookupValue": null
  },
  {
    "name": "vm_eligible_for_mmc_yes",
    "dataType": "RadioButton",
    "pageName": "vmmc_regandproc4",
    "IsIndexed": false,
    "IsRequired": false,
    "Label": "Is Client eligible for MMC [Yes]",
    "fieldType": "Single Select",
    "fieldName": "vm_eligible_for_mmc",
    "listName": "vm_yes_no",
    "lookupValue": "Yes"
  },
  {
    "name": "vm_eligible_for_mmc_no",
    "dataType": "RadioButton",
    "pageName": "vmmc_regandproc4",
    "IsIndexed": false,
    "IsRequired": false,
    "Label": "Is Client eligible for MMC [No]",
    "fieldType": "Single Select",
    "fieldName": "vm_eligible_for_mmc",
    "listName": "vm_yes_no",
    "lookupValue": "No"
  },
  {
    "name": "vm_mc_date",
    "dataType": "DatePicker",
    "pageName": "vmmc_regandproc5",
    "IsIndexed": true,
    "IsRequired": true,
    "Label": "MC Date",
    "fieldType": "Date",
    "fieldName": "",
    "listName": null,
    "lookupValue": null
  },
  {
    "name": "vm_mc_provider_name",
    "dataType": "EditText",
    "pageName": "vmmc_regandproc5",
    "IsIndexed": false,
    "IsRequired": false,
    "Label": "MC Provider",
    "fieldType": "Text",
    "fieldName": "",
    "listName": null,
    "lookupValue": null
  },
  {
    "name": "vm_assistant",
    "dataType": "EditText",
    "pageName": "vmmc_regandproc5",
    "IsIndexed": false,
    "IsRequired": false,
    "Label": "Assistant",
    "fieldType": "Text",
    "fieldName": "",
    "listName": null,
    "lookupValue": null
  },
  {
    "name": "vm_mmc_performed_yes",
    "dataType": "RadioButton",
    "pageName": "vmmc_regandproc5",
    "IsIndexed": false,
    "IsRequired": false,
    "Label": "Circumcision Performed [Yes]",
    "fieldType": "Single Select",
    "fieldName": "vm_mmc_performed",
    "listName": "vm_yes_no",
    "lookupValue": "Yes"
  },
  {
    "name": "vm_mmc_performed_no",
    "dataType": "RadioButton",
    "pageName": "vmmc_regandproc5",
    "IsIndexed": false,
    "IsRequired": false,
    "Label": "Circumcision Performed [No]",
    "fieldType": "Single Select",
    "fieldName": "vm_mmc_performed",
    "listName": "vm_yes_no",
    "lookupValue": "No"
  },
  {
    "name": "vm_mmc_start_time",
    "dataType": "TimePicker",
    "pageName": "vmmc_regandproc5",
    "IsIndexed": false,
    "IsRequired": false,
    "Label": "Start Time",
    "fieldType": "Time",
    "fieldName": "",
    "listName": null,
    "lookupValue": null
  },
  {
    "name": "vm_mmc_end_time",
    "dataType": "TimePicker",
    "pageName": "vmmc_regandproc5",
    "IsIndexed": false,
    "IsRequired": false,
    "Label": "End Time",
    "fieldType": "Time",
    "fieldName": "",
    "listName": null,
    "lookupValue": null
  },
  {
    "name": "vm_skin_preparation_povudine",
    "dataType": "RadioButton",
    "pageName": "vmmc_regandproc5",
    "IsIndexed": false,
    "IsRequired": false,
    "Label": "Skin Preparation [Povudine]",
    "fieldType": "Single Select",
    "fieldName": "vm_skin_preparation",
    "listName": "vm_skin_preparation",
    "lookupValue": "Povudine"
  },
  {
    "name": "vm_skin_preparation_other",
    "dataType": "RadioButton",
    "pageName": "vmmc_regandproc5",
    "IsIndexed": false,
    "IsRequired": false,
    "Label": "Skin Preparation [Other]",
    "fieldType": "Single Select",
    "fieldName": "vm_skin_preparation",
    "listName": "vm_skin_preparation",
    "lookupValue": "Other"
  },
  {
    "name": "vm_other_skin_preparation",
    "dataType": "EditText",
    "pageName": "vmmc_regandproc5",
    "IsIndexed": false,
    "IsRequired": false,
    "Label": "Skin Preparation, Other",
    "fieldType": "Text",
    "fieldName": "",
    "listName": null,
    "lookupValue": null
  },
  {
    "name": "vm_type_local_anaes_lignocaine",
    "dataType": "RadioButton",
    "pageName": "vmmc_regandproc5",
    "IsIndexed": false,
    "IsRequired": false,
    "Label": "Local Anaesthesia - Type [Lignocaine]",
    "fieldType": "Single Select",
    "fieldName": "vm_type_local_anaes",
    "listName": "vm_type_local_anaes",
    "lookupValue": "Lignocaine"
  },
  {
    "name": "vm_type_local_anaes_bupivacaine",
    "dataType": "RadioButton",
    "pageName": "vmmc_regandproc5",
    "IsIndexed": false,
    "IsRequired": false,
    "Label": "Local Anaesthesia - Type [Bupivacaine]",
    "fieldType": "Single Select",
    "fieldName": "vm_type_local_anaes",
    "listName": "vm_type_local_anaes",
    "lookupValue": "Bupivacaine"
  },
  {
    "name": "vm_lignocaine_conc_001",
    "dataType": "RadioButton",
    "pageName": "vmmc_regandproc5",
    "IsIndexed": false,
    "IsRequired": false,
    "Label": "Lignocaine Concentration [0.01]",
    "fieldType": "Single Select",
    "fieldName": "vm_lignocaine_conc",
    "listName": "vm_lignocaine_conc",
    "lookupValue": "0.01"
  },
  {
    "name": "vm_lignocaine_conc_002",
    "dataType": "RadioButton",
    "pageName": "vmmc_regandproc5",
    "IsIndexed": false,
    "IsRequired": false,
    "Label": "Lignocaine Concentration [0.02]",
    "fieldType": "Single Select",
    "fieldName": "vm_lignocaine_conc",
    "listName": "vm_lignocaine_conc",
    "lookupValue": "0.02"
  },
  {
    "name": "vm_local_anaes_amt",
    "dataType": "EditText",
    "pageName": "vmmc_regandproc5",
    "IsIndexed": false,
    "IsRequired": false,
    "Label": "Local Anaesthesia - Amount",
    "fieldType": "Number",
    "fieldName": "",
    "listName": null,
    "lookupValue": null
  },
  {
    "name": "vm_type_of_procedure_dorsalslit",
    "dataType": "RadioButton",
    "pageName": "vmmc_regandproc5",
    "IsIndexed": false,
    "IsRequired": false,
    "Label": "Type of Procedure [Dorsal Slit]",
    "fieldType": "Single Select",
    "fieldName": "vm_type_of_procedure",
    "listName": "vm_type_of_procedure",
    "lookupValue": "Dorsal Slit"
  },
  {
    "name": "vm_type_of_procedure_shangring",
    "dataType": "RadioButton",
    "pageName": "vmmc_regandproc5",
    "IsIndexed": false,
    "IsRequired": false,
    "Label": "Type of Procedure [Shang ring]",
    "fieldType": "Single Select",
    "fieldName": "vm_type_of_procedure",
    "listName": "vm_type_of_procedure",
    "lookupValue": "Shang ring"
  },
  {
    "name": "vm_type_of_procedure_prepex",
    "dataType": "RadioButton",
    "pageName": "vmmc_regandproc5",
    "IsIndexed": false,
    "IsRequired": false,
    "Label": "Type of Procedure [Prepex]",
    "fieldType": "Single Select",
    "fieldName": "vm_type_of_procedure",
    "listName": "vm_type_of_procedure",
    "lookupValue": "Prepex"
  },
  {
    "name": "vm_type_of_procedure_other",
    "dataType": "RadioButton",
    "pageName": "vmmc_regandproc5",
    "IsIndexed": false,
    "IsRequired": false,
    "Label": "Type of Procedure [Other]",
    "fieldType": "Single Select",
    "fieldName": "vm_type_of_procedure",
    "listName": "vm_type_of_procedure",
    "lookupValue": "Other"
  },
  {
    "name": "vm_other_type_of_procedure",
    "dataType": "EditText",
    "pageName": "vmmc_regandproc5",
    "IsIndexed": false,
    "IsRequired": false,
    "Label": "If Other, Specify",
    "fieldType": "Text",
    "fieldName": "",
    "listName": null,
    "lookupValue": null
  },
  {
    "name": "vm_type_of_suture_chromiccatgut",
    "dataType": "RadioButton",
    "pageName": "vmmc_regandproc5",
    "IsIndexed": false,
    "IsRequired": false,
    "Label": "Suture [Chromic Catgut]",
    "fieldType": "Single Select",
    "fieldName": "vm_type_of_suture",
    "listName": "vm_type_of_suture",
    "lookupValue": "Chromic Catgut"
  },
  {
    "name": "vm_type_of_suture_vicryl",
    "dataType": "RadioButton",
    "pageName": "vmmc_regandproc5",
    "IsIndexed": false,
    "IsRequired": false,
    "Label": "Suture [Vicryl]",
    "fieldType": "Single Select",
    "fieldName": "vm_type_of_suture",
    "listName": "vm_type_of_suture",
    "lookupValue": "Vicryl"
  },
  {
    "name": "vm_type_of_suture_other",
    "dataType": "RadioButton",
    "pageName": "vmmc_regandproc5",
    "IsIndexed": false,
    "IsRequired": false,
    "Label": "Suture [Other]",
    "fieldType": "Single Select",
    "fieldName": "vm_type_of_suture",
    "listName": "vm_type_of_suture",
    "lookupValue": "Other"
  },
  {
    "name": "vm_other_type_suture",
    "dataType": "EditText",
    "pageName": "vmmc_regandproc5",
    "IsIndexed": false,
    "IsRequired": false,
    "Label": "If Other, Specify",
    "fieldType": "Text",
    "fieldName": "",
    "listName": null,
    "lookupValue": null
  },
  {
    "name": "vm_complic_dur_surg_none",
    "dataType": "RadioButton",
    "pageName": "vmmc_regandproc5",
    "IsIndexed": false,
    "IsRequired": false,
    "Label": "Any Complications during surgery [None]",
    "fieldType": "Single Select",
    "fieldName": "vm_complic_dur_surg",
    "listName": "vm_complic_dur_surg",
    "lookupValue": "None"
  },
  {
    "name": "vm_complic_dur_surg_yes",
    "dataType": "RadioButton",
    "pageName": "vmmc_regandproc5",
    "IsIndexed": false,
    "IsRequired": false,
    "Label": "Any Complications during surgery [Yes]",
    "fieldType": "Single Select",
    "fieldName": "vm_complic_dur_surg",
    "listName": "vm_complic_dur_surg",
    "lookupValue": "Yes"
  },
  {
    "name": "vm_complic_pain_moderate",
    "dataType": "RadioButton",
    "pageName": "vmmc_regandproc5",
    "IsIndexed": false,
    "IsRequired": false,
    "Label": "Pain [Moderate]",
    "fieldType": "Single Select",
    "fieldName": "vm_complic_pain",
    "listName": "vm_moderate_severe",
    "lookupValue": "Moderate"
  },
  {
    "name": "vm_complic_pain_severe",
    "dataType": "RadioButton",
    "pageName": "vmmc_regandproc5",
    "IsIndexed": false,
    "IsRequired": false,
    "Label": "Pain [Severe]",
    "fieldType": "Single Select",
    "fieldName": "vm_complic_pain",
    "listName": "vm_moderate_severe",
    "lookupValue": "Severe"
  },
  {
    "name": "vm_complic_excsv_bleeding_moderate",
    "dataType": "RadioButton",
    "pageName": "vmmc_regandproc5",
    "IsIndexed": false,
    "IsRequired": false,
    "Label": "Excessive Bleeding [Moderate]",
    "fieldType": "Single Select",
    "fieldName": "vm_complic_excsv_bleeding",
    "listName": "vm_moderate_severe",
    "lookupValue": "Moderate"
  },
  {
    "name": "vm_complic_excsv_bleeding_severe",
    "dataType": "RadioButton",
    "pageName": "vmmc_regandproc5",
    "IsIndexed": false,
    "IsRequired": false,
    "Label": "Excessive Bleeding [Severe]",
    "fieldType": "Single Select",
    "fieldName": "vm_complic_excsv_bleeding",
    "listName": "vm_moderate_severe",
    "lookupValue": "Severe"
  },
  {
    "name": "vm_complic_anaes_related_moderate",
    "dataType": "RadioButton",
    "pageName": "vmmc_regandproc5",
    "IsIndexed": false,
    "IsRequired": false,
    "Label": "Anaesthetic related event [Moderate]",
    "fieldType": "Single Select",
    "fieldName": "vm_complic_anaes_related",
    "listName": "vm_moderate_severe",
    "lookupValue": "Moderate"
  },
  {
    "name": "vm_complic_anaes_related_severe",
    "dataType": "RadioButton",
    "pageName": "vmmc_regandproc5",
    "IsIndexed": false,
    "IsRequired": false,
    "Label": "Anaesthetic related event [Severe]",
    "fieldType": "Single Select",
    "fieldName": "vm_complic_anaes_related",
    "listName": "vm_moderate_severe",
    "lookupValue": "Severe"
  },
  {
    "name": "vm_complic_excsv_skin_moderate",
    "dataType": "RadioButton",
    "pageName": "vmmc_regandproc5",
    "IsIndexed": false,
    "IsRequired": false,
    "Label": "Excessive skin removed [Moderate]",
    "fieldType": "Single Select",
    "fieldName": "vm_complic_excsv_skin",
    "listName": "vm_moderate_severe",
    "lookupValue": "Moderate"
  },
  {
    "name": "vm_complic_excsv_skin_severe",
    "dataType": "RadioButton",
    "pageName": "vmmc_regandproc5",
    "IsIndexed": false,
    "IsRequired": false,
    "Label": "Excessive skin removed [Severe]",
    "fieldType": "Single Select",
    "fieldName": "vm_complic_excsv_skin",
    "listName": "vm_moderate_severe",
    "lookupValue": "Severe"
  },
  {
    "name": "vm_complic_dmg_penis_moderate",
    "dataType": "RadioButton",
    "pageName": "vmmc_regandproc5",
    "IsIndexed": false,
    "IsRequired": false,
    "Label": "Damage to the penis [Moderate]",
    "fieldType": "Single Select",
    "fieldName": "vm_complic_dmg_penis",
    "listName": "vm_moderate_severe",
    "lookupValue": "Moderate"
  },
  {
    "name": "vm_complic_dmg_penis_severe",
    "dataType": "RadioButton",
    "pageName": "vmmc_regandproc5",
    "IsIndexed": false,
    "IsRequired": false,
    "Label": "Damage to the penis [Severe]",
    "fieldType": "Single Select",
    "fieldName": "vm_complic_dmg_penis",
    "listName": "vm_moderate_severe",
    "lookupValue": "Severe"
  },
  {
    "name": "vm_complic_other_moderate",
    "dataType": "RadioButton",
    "pageName": "vmmc_regandproc5",
    "IsIndexed": false,
    "IsRequired": false,
    "Label": "Other [Moderate]",
    "fieldType": "Single Select",
    "fieldName": "vm_complic_other",
    "listName": "vm_moderate_severe",
    "lookupValue": "Moderate"
  },
  {
    "name": "vm_complic_other_severe",
    "dataType": "RadioButton",
    "pageName": "vmmc_regandproc5",
    "IsIndexed": false,
    "IsRequired": false,
    "Label": "Other [Severe]",
    "fieldType": "Single Select",
    "fieldName": "vm_complic_other",
    "listName": "vm_moderate_severe",
    "lookupValue": "Severe"
  },
  {
    "name": "vm_complic_other_spec",
    "dataType": "EditText",
    "pageName": "vmmc_regandproc5",
    "IsIndexed": false,
    "IsRequired": false,
    "Label": "Complications during surgery, Other",
    "fieldType": "Text",
    "fieldName": "",
    "listName": null,
    "lookupValue": null
  },
  {
    "name": "vm_intakeform_serial",
    "dataType": "EditText",
    "pageName": "vmmc_postop1",
    "IsIndexed": true,
    "IsRequired": true,
    "Label": "Intake Form Serial",
    "fieldType": "Integer",
    "fieldName": "",
    "listName": null,
    "lookupValue": null
  },
  {
    "name": "vm_mc_number",
    "dataType": "EditText",
    "pageName": "vmmc_postop1",
    "IsIndexed": true,
    "IsRequired": true,
    "Label": "Client ID / Register Number",
    "fieldType": "Integer",
    "fieldName": "",
    "listName": null,
    "lookupValue": null
  },
  {
    "name": "vm_type_of_review_02daysreview",
    "dataType": "RadioButton",
    "pageName": "vmmc_postop1",
    "IsIndexed": false,
    "IsRequired": false,
    "Label": "Review Type [0 - 2 days Review]",
    "fieldType": "Single Select",
    "fieldName": "vm_type_of_review",
    "listName": "vm_type_of_review",
    "lookupValue": "0 - 2 days Review"
  },
  {
    "name": "vm_type_of_review_37daysreview",
    "dataType": "RadioButton",
    "pageName": "vmmc_postop1",
    "IsIndexed": false,
    "IsRequired": false,
    "Label": "Review Type [3 - 7 days Review]",
    "fieldType": "Single Select",
    "fieldName": "vm_type_of_review",
    "listName": "vm_type_of_review",
    "lookupValue": "3 - 7 days Review"
  },
  {
    "name": "vm_type_of_review_16weeksreview",
    "dataType": "RadioButton",
    "pageName": "vmmc_postop1",
    "IsIndexed": false,
    "IsRequired": false,
    "Label": "Review Type [1 - 6 weeks Review]",
    "fieldType": "Single Select",
    "fieldName": "vm_type_of_review",
    "listName": "vm_type_of_review",
    "lookupValue": "1 - 6 weeks Review"
  },
  {
    "name": "vm_postop_data_entry_date",
    "dataType": "DatePicker",
    "pageName": "vmmc_postop1",
    "IsIndexed": false,
    "IsRequired": false,
    "Label": "Date of Data Entry",
    "fieldType": "today",
    "fieldName": "",
    "listName": null,
    "lookupValue": null
  },
  {
    "name": "vm_postop_data_entered_by",
    "dataType": "EditText",
    "pageName": "vmmc_postop1",
    "IsIndexed": false,
    "IsRequired": false,
    "Label": "Data Entry By",
    "fieldType": "username",
    "fieldName": "",
    "listName": null,
    "lookupValue": null
  },
  {
    "name": "vm_reviewer_name",
    "dataType": "EditText",
    "pageName": "vmmc_postop1",
    "IsIndexed": false,
    "IsRequired": false,
    "Label": "MC Provider/Reviewer Name",
    "fieldType": "Text",
    "fieldName": "",
    "listName": null,
    "lookupValue": null
  },
  {
    "name": "vm_date_of_review",
    "dataType": "DatePicker",
    "pageName": "vmmc_postop1",
    "IsIndexed": true,
    "IsRequired": true,
    "Label": "Date of Review",
    "fieldType": "Date",
    "fieldName": "",
    "listName": null,
    "lookupValue": null
  },
  {
    "name": "vm_cc_fever_yes",
    "dataType": "RadioButton",
    "pageName": "vmmc_postop2",
    "IsIndexed": false,
    "IsRequired": false,
    "Label": "Fever [Yes]",
    "fieldType": "Single Select",
    "fieldName": "vm_cc_fever",
    "listName": "vm_yes_no",
    "lookupValue": "Yes"
  },
  {
    "name": "vm_cc_fever_no",
    "dataType": "RadioButton",
    "pageName": "vmmc_postop2",
    "IsIndexed": false,
    "IsRequired": false,
    "Label": "Fever [No]",
    "fieldType": "Single Select",
    "fieldName": "vm_cc_fever",
    "listName": "vm_yes_no",
    "lookupValue": "No"
  },
  {
    "name": "vm_cc_pain_on_wound_yes",
    "dataType": "RadioButton",
    "pageName": "vmmc_postop2",
    "IsIndexed": false,
    "IsRequired": false,
    "Label": "Pain on wound [Yes]",
    "fieldType": "Single Select",
    "fieldName": "vm_cc_pain_on_wound",
    "listName": "vm_yes_no",
    "lookupValue": "Yes"
  },
  {
    "name": "vm_cc_pain_on_wound_no",
    "dataType": "RadioButton",
    "pageName": "vmmc_postop2",
    "IsIndexed": false,
    "IsRequired": false,
    "Label": "Pain on wound [No]",
    "fieldType": "Single Select",
    "fieldName": "vm_cc_pain_on_wound",
    "listName": "vm_yes_no",
    "lookupValue": "No"
  },
  {
    "name": "vm_cc_bleeding_yes",
    "dataType": "RadioButton",
    "pageName": "vmmc_postop2",
    "IsIndexed": false,
    "IsRequired": false,
    "Label": "Bleeding [Yes]",
    "fieldType": "Single Select",
    "fieldName": "vm_cc_bleeding",
    "listName": "vm_yes_no",
    "lookupValue": "Yes"
  },
  {
    "name": "vm_cc_bleeding_no",
    "dataType": "RadioButton",
    "pageName": "vmmc_postop2",
    "IsIndexed": false,
    "IsRequired": false,
    "Label": "Bleeding [No]",
    "fieldType": "Single Select",
    "fieldName": "vm_cc_bleeding",
    "listName": "vm_yes_no",
    "lookupValue": "No"
  },
  {
    "name": "vm_cc_pain_passing_urine_yes",
    "dataType": "RadioButton",
    "pageName": "vmmc_postop2",
    "IsIndexed": false,
    "IsRequired": false,
    "Label": "Pain passing urine [Yes]",
    "fieldType": "Single Select",
    "fieldName": "vm_cc_pain_passing_urine",
    "listName": "vm_yes_no",
    "lookupValue": "Yes"
  },
  {
    "name": "vm_cc_pain_passing_urine_no",
    "dataType": "RadioButton",
    "pageName": "vmmc_postop2",
    "IsIndexed": false,
    "IsRequired": false,
    "Label": "Pain passing urine [No]",
    "fieldType": "Single Select",
    "fieldName": "vm_cc_pain_passing_urine",
    "listName": "vm_yes_no",
    "lookupValue": "No"
  },
  {
    "name": "vm_cc_swelling_yes",
    "dataType": "RadioButton",
    "pageName": "vmmc_postop2",
    "IsIndexed": false,
    "IsRequired": false,
    "Label": "Swelling [Yes]",
    "fieldType": "Single Select",
    "fieldName": "vm_cc_swelling",
    "listName": "vm_yes_no",
    "lookupValue": "Yes"
  },
  {
    "name": "vm_cc_swelling_no",
    "dataType": "RadioButton",
    "pageName": "vmmc_postop2",
    "IsIndexed": false,
    "IsRequired": false,
    "Label": "Swelling [No]",
    "fieldType": "Single Select",
    "fieldName": "vm_cc_swelling",
    "listName": "vm_yes_no",
    "lookupValue": "No"
  },
  {
    "name": "vm_cc_gaping_wound_yes",
    "dataType": "RadioButton",
    "pageName": "vmmc_postop2",
    "IsIndexed": false,
    "IsRequired": false,
    "Label": "Gaping wound [Yes]",
    "fieldType": "Single Select",
    "fieldName": "vm_cc_gaping_wound",
    "listName": "vm_yes_no",
    "lookupValue": "Yes"
  },
  {
    "name": "vm_cc_gaping_wound_no",
    "dataType": "RadioButton",
    "pageName": "vmmc_postop2",
    "IsIndexed": false,
    "IsRequired": false,
    "Label": "Gaping wound [No]",
    "fieldType": "Single Select",
    "fieldName": "vm_cc_gaping_wound",
    "listName": "vm_yes_no",
    "lookupValue": "No"
  },
  {
    "name": "vm_cc_pus_yes",
    "dataType": "RadioButton",
    "pageName": "vmmc_postop2",
    "IsIndexed": false,
    "IsRequired": false,
    "Label": "Pus [Yes]",
    "fieldType": "Single Select",
    "fieldName": "vm_cc_pus",
    "listName": "vm_yes_no",
    "lookupValue": "Yes"
  },
  {
    "name": "vm_cc_pus_no",
    "dataType": "RadioButton",
    "pageName": "vmmc_postop2",
    "IsIndexed": false,
    "IsRequired": false,
    "Label": "Pus [No]",
    "fieldType": "Single Select",
    "fieldName": "vm_cc_pus",
    "listName": "vm_yes_no",
    "lookupValue": "No"
  },
  {
    "name": "vm_cc_other_complaint_yes",
    "dataType": "RadioButton",
    "pageName": "vmmc_postop2",
    "IsIndexed": false,
    "IsRequired": false,
    "Label": "Other [Yes]",
    "fieldType": "Single Select",
    "fieldName": "vm_cc_other_complaint",
    "listName": "vm_yes_no",
    "lookupValue": "Yes"
  },
  {
    "name": "vm_cc_other_complaint_no",
    "dataType": "RadioButton",
    "pageName": "vmmc_postop2",
    "IsIndexed": false,
    "IsRequired": false,
    "Label": "Other [No]",
    "fieldType": "Single Select",
    "fieldName": "vm_cc_other_complaint",
    "listName": "vm_yes_no",
    "lookupValue": "No"
  },
  {
    "name": "vm_cc_other_complaint_spec",
    "dataType": "EditText",
    "pageName": "vmmc_postop2",
    "IsIndexed": false,
    "IsRequired": false,
    "Label": "If Other, specify",
    "fieldType": "Text",
    "fieldName": "",
    "listName": null,
    "lookupValue": null
  },
  {
    "name": "vm_any_adverse_events_yes",
    "dataType": "RadioButton",
    "pageName": "vmmc_postop2",
    "IsIndexed": false,
    "IsRequired": false,
    "Label": "Any Adverse events [Yes]",
    "fieldType": "Single Select",
    "fieldName": "vm_any_adverse_events",
    "listName": "vm_yes_no",
    "lookupValue": "Yes"
  },
  {
    "name": "vm_any_adverse_events_no",
    "dataType": "RadioButton",
    "pageName": "vmmc_postop2",
    "IsIndexed": false,
    "IsRequired": false,
    "Label": "Any Adverse events [No]",
    "fieldType": "Single Select",
    "fieldName": "vm_any_adverse_events",
    "listName": "vm_yes_no",
    "lookupValue": "No"
  },
  {
    "name": "vm_ae_anaesthetic_related_moderate",
    "dataType": "RadioButton",
    "pageName": "vmmc_postop2",
    "IsIndexed": false,
    "IsRequired": false,
    "Label": "a. Anaesthetic related event  [Moderate]",
    "fieldType": "Single Select",
    "fieldName": "vm_ae_anaesthetic_related",
    "listName": "vm_moderate_severe",
    "lookupValue": "Moderate"
  },
  {
    "name": "vm_ae_anaesthetic_related_severe",
    "dataType": "RadioButton",
    "pageName": "vmmc_postop2",
    "IsIndexed": false,
    "IsRequired": false,
    "Label": "a. Anaesthetic related event  [Severe]",
    "fieldType": "Single Select",
    "fieldName": "vm_ae_anaesthetic_related",
    "listName": "vm_moderate_severe",
    "lookupValue": "Severe"
  },
  {
    "name": "vm_ae_excessive_bleeding_moderate",
    "dataType": "RadioButton",
    "pageName": "vmmc_postop2",
    "IsIndexed": false,
    "IsRequired": false,
    "Label": "b. Excessive Bleeding [Moderate]",
    "fieldType": "Single Select",
    "fieldName": "vm_ae_excessive_bleeding",
    "listName": "vm_moderate_severe",
    "lookupValue": "Moderate"
  },
  {
    "name": "vm_ae_excessive_bleeding_severe",
    "dataType": "RadioButton",
    "pageName": "vmmc_postop2",
    "IsIndexed": false,
    "IsRequired": false,
    "Label": "b. Excessive Bleeding [Severe]",
    "fieldType": "Single Select",
    "fieldName": "vm_ae_excessive_bleeding",
    "listName": "vm_moderate_severe",
    "lookupValue": "Severe"
  },
  {
    "name": "vm_ae_insuff_skin_rem_moderate",
    "dataType": "RadioButton",
    "pageName": "vmmc_postop2",
    "IsIndexed": false,
    "IsRequired": false,
    "Label": "c. Insufficient skin removed  [Moderate]",
    "fieldType": "Single Select",
    "fieldName": "vm_ae_insuff_skin_rem",
    "listName": "vm_moderate_severe",
    "lookupValue": "Moderate"
  },
  {
    "name": "vm_ae_insuff_skin_rem_severe",
    "dataType": "RadioButton",
    "pageName": "vmmc_postop2",
    "IsIndexed": false,
    "IsRequired": false,
    "Label": "c. Insufficient skin removed  [Severe]",
    "fieldType": "Single Select",
    "fieldName": "vm_ae_insuff_skin_rem",
    "listName": "vm_moderate_severe",
    "lookupValue": "Severe"
  },
  {
    "name": "vm_ae_dmg_to_penis_moderate",
    "dataType": "RadioButton",
    "pageName": "vmmc_postop2",
    "IsIndexed": false,
    "IsRequired": false,
    "Label": "d. Damage or injury to penis [Moderate]",
    "fieldType": "Single Select",
    "fieldName": "vm_ae_dmg_to_penis",
    "listName": "vm_moderate_severe",
    "lookupValue": "Moderate"
  },
  {
    "name": "vm_ae_dmg_to_penis_severe",
    "dataType": "RadioButton",
    "pageName": "vmmc_postop2",
    "IsIndexed": false,
    "IsRequired": false,
    "Label": "d. Damage or injury to penis [Severe]",
    "fieldType": "Single Select",
    "fieldName": "vm_ae_dmg_to_penis",
    "listName": "vm_moderate_severe",
    "lookupValue": "Severe"
  },
  {
    "name": "vm_ae_pain_moderate",
    "dataType": "RadioButton",
    "pageName": "vmmc_postop2",
    "IsIndexed": false,
    "IsRequired": false,
    "Label": "e. Pain [Moderate]",
    "fieldType": "Single Select",
    "fieldName": "vm_ae_pain",
    "listName": "vm_moderate_severe",
    "lookupValue": "Moderate"
  },
  {
    "name": "vm_ae_pain_severe",
    "dataType": "RadioButton",
    "pageName": "vmmc_postop2",
    "IsIndexed": false,
    "IsRequired": false,
    "Label": "e. Pain [Severe]",
    "fieldType": "Single Select",
    "fieldName": "vm_ae_pain",
    "listName": "vm_moderate_severe",
    "lookupValue": "Severe"
  },
  {
    "name": "vm_ae_swelling_hematoma_moderate",
    "dataType": "RadioButton",
    "pageName": "vmmc_postop2",
    "IsIndexed": false,
    "IsRequired": false,
    "Label": "f. Swelling or Hematoma  [Moderate]",
    "fieldType": "Single Select",
    "fieldName": "vm_ae_swelling_hematoma",
    "listName": "vm_moderate_severe",
    "lookupValue": "Moderate"
  },
  {
    "name": "vm_ae_swelling_hematoma_severe",
    "dataType": "RadioButton",
    "pageName": "vmmc_postop2",
    "IsIndexed": false,
    "IsRequired": false,
    "Label": "f. Swelling or Hematoma  [Severe]",
    "fieldType": "Single Select",
    "fieldName": "vm_ae_swelling_hematoma",
    "listName": "vm_moderate_severe",
    "lookupValue": "Severe"
  },
  {
    "name": "vm_ae_infection_moderate",
    "dataType": "RadioButton",
    "pageName": "vmmc_postop2",
    "IsIndexed": false,
    "IsRequired": false,
    "Label": "g. Infection [Moderate]",
    "fieldType": "Single Select",
    "fieldName": "vm_ae_infection",
    "listName": "vm_moderate_severe",
    "lookupValue": "Moderate"
  },
  {
    "name": "vm_ae_infection_severe",
    "dataType": "RadioButton",
    "pageName": "vmmc_postop2",
    "IsIndexed": false,
    "IsRequired": false,
    "Label": "g. Infection [Severe]",
    "fieldType": "Single Select",
    "fieldName": "vm_ae_infection",
    "listName": "vm_moderate_severe",
    "lookupValue": "Severe"
  },
  {
    "name": "vm_ae_excsv_skin_rem_moderate",
    "dataType": "RadioButton",
    "pageName": "vmmc_postop2",
    "IsIndexed": false,
    "IsRequired": false,
    "Label": "h. Excessive skin removed  [Moderate]",
    "fieldType": "Single Select",
    "fieldName": "vm_ae_excsv_skin_rem",
    "listName": "vm_moderate_severe",
    "lookupValue": "Moderate"
  },
  {
    "name": "vm_ae_excsv_skin_rem_severe",
    "dataType": "RadioButton",
    "pageName": "vmmc_postop2",
    "IsIndexed": false,
    "IsRequired": false,
    "Label": "h. Excessive skin removed  [Severe]",
    "fieldType": "Single Select",
    "fieldName": "vm_ae_excsv_skin_rem",
    "listName": "vm_moderate_severe",
    "lookupValue": "Severe"
  },
  {
    "name": "vm_ae_delayed_wound_moderate",
    "dataType": "RadioButton",
    "pageName": "vmmc_postop2",
    "IsIndexed": false,
    "IsRequired": false,
    "Label": "i. Delayed wound healing [Moderate]",
    "fieldType": "Single Select",
    "fieldName": "vm_ae_delayed_wound",
    "listName": "vm_moderate_severe",
    "lookupValue": "Moderate"
  },
  {
    "name": "vm_ae_delayed_wound_severe",
    "dataType": "RadioButton",
    "pageName": "vmmc_postop2",
    "IsIndexed": false,
    "IsRequired": false,
    "Label": "i. Delayed wound healing [Severe]",
    "fieldType": "Single Select",
    "fieldName": "vm_ae_delayed_wound",
    "listName": "vm_moderate_severe",
    "lookupValue": "Severe"
  },
  {
    "name": "vm_ae_wound_dehiscence_moderate",
    "dataType": "RadioButton",
    "pageName": "vmmc_postop2",
    "IsIndexed": false,
    "IsRequired": false,
    "Label": "j. Wound dehiscence [Moderate]",
    "fieldType": "Single Select",
    "fieldName": "vm_ae_wound_dehiscence",
    "listName": "vm_moderate_severe",
    "lookupValue": "Moderate"
  },
  {
    "name": "vm_ae_wound_dehiscence_severe",
    "dataType": "RadioButton",
    "pageName": "vmmc_postop2",
    "IsIndexed": false,
    "IsRequired": false,
    "Label": "j. Wound dehiscence [Severe]",
    "fieldType": "Single Select",
    "fieldName": "vm_ae_wound_dehiscence",
    "listName": "vm_moderate_severe",
    "lookupValue": "Severe"
  },
  {
    "name": "vm_ae_difficulty_urinating_moderate",
    "dataType": "RadioButton",
    "pageName": "vmmc_postop2",
    "IsIndexed": false,
    "IsRequired": false,
    "Label": "k. Difficulty Urinating [Moderate]",
    "fieldType": "Single Select",
    "fieldName": "vm_ae_difficulty_urinating",
    "listName": "vm_moderate_severe",
    "lookupValue": "Moderate"
  },
  {
    "name": "vm_ae_difficulty_urinating_severe",
    "dataType": "RadioButton",
    "pageName": "vmmc_postop2",
    "IsIndexed": false,
    "IsRequired": false,
    "Label": "k. Difficulty Urinating [Severe]",
    "fieldType": "Single Select",
    "fieldName": "vm_ae_difficulty_urinating",
    "listName": "vm_moderate_severe",
    "lookupValue": "Severe"
  },
  {
    "name": "vm_ae_torsion_of_penis_moderate",
    "dataType": "RadioButton",
    "pageName": "vmmc_postop2",
    "IsIndexed": false,
    "IsRequired": false,
    "Label": "l. Torsion of penis [Moderate]",
    "fieldType": "Single Select",
    "fieldName": "vm_ae_torsion_of_penis",
    "listName": "vm_moderate_severe",
    "lookupValue": "Moderate"
  },
  {
    "name": "vm_ae_torsion_of_penis_severe",
    "dataType": "RadioButton",
    "pageName": "vmmc_postop2",
    "IsIndexed": false,
    "IsRequired": false,
    "Label": "l. Torsion of penis [Severe]",
    "fieldType": "Single Select",
    "fieldName": "vm_ae_torsion_of_penis",
    "listName": "vm_moderate_severe",
    "lookupValue": "Severe"
  },
  {
    "name": "vm_ae_erectile_dysfunction_moderate",
    "dataType": "RadioButton",
    "pageName": "vmmc_postop2",
    "IsIndexed": false,
    "IsRequired": false,
    "Label": "m. Erectile dysfunction [Moderate]",
    "fieldType": "Single Select",
    "fieldName": "vm_ae_erectile_dysfunction",
    "listName": "vm_moderate_severe",
    "lookupValue": "Moderate"
  },
  {
    "name": "vm_ae_erectile_dysfunction_severe",
    "dataType": "RadioButton",
    "pageName": "vmmc_postop2",
    "IsIndexed": false,
    "IsRequired": false,
    "Label": "m. Erectile dysfunction [Severe]",
    "fieldType": "Single Select",
    "fieldName": "vm_ae_erectile_dysfunction",
    "listName": "vm_moderate_severe",
    "lookupValue": "Severe"
  },
  {
    "name": "vm_ae_psycho_behav_iss_moderate",
    "dataType": "RadioButton",
    "pageName": "vmmc_postop2",
    "IsIndexed": false,
    "IsRequired": false,
    "Label": "n. Psycho-behavioral issues [Moderate]",
    "fieldType": "Single Select",
    "fieldName": "vm_ae_psycho_behav_iss",
    "listName": "vm_moderate_severe",
    "lookupValue": "Moderate"
  },
  {
    "name": "vm_ae_psycho_behav_iss_severe",
    "dataType": "RadioButton",
    "pageName": "vmmc_postop2",
    "IsIndexed": false,
    "IsRequired": false,
    "Label": "n. Psycho-behavioral issues [Severe]",
    "fieldType": "Single Select",
    "fieldName": "vm_ae_psycho_behav_iss",
    "listName": "vm_moderate_severe",
    "lookupValue": "Severe"
  },
  {
    "name": "vm_tx_and_other_clinnotes",
    "dataType": "EditText",
    "pageName": "vmmc_postop2",
    "IsIndexed": false,
    "IsRequired": false,
    "Label": "Treatment and Other Clinical Notes",
    "fieldType": "Text",
    "fieldName": "",
    "listName": null,
    "lookupValue": null
  }
]