[
{"ProvinceName":"Eastern", "DistrictName":"Petauke","FacilityName":"Petauke District Hospital","FacilityIndex":"1"},
{"ProvinceName":"Northern", "DistrictName":"Mpika","FacilityName":"Tazara Clinic","FacilityIndex":"2"},
{"ProvinceName":"Central", "DistrictName":"Kabwe Urban","FacilityName":"Kabwe General Hospital","FacilityIndex":"3"},
{"ProvinceName":"Copperbelt", "DistrictName":"Kitwe","FacilityName":"Kitwe Central Hospital","FacilityIndex":"4"},
{"ProvinceName":"Copperbelt", "DistrictName":"Ndola","FacilityName":"Ndola Centra Hospital","FacilityIndex":"5"},
{"ProvinceName":"Eastern", "DistrictName":"Chadiza","FacilityName":"Chadiza HC","FacilityIndex":"6"},
{"ProvinceName":"Eastern", "DistrictName":"Chipata","FacilityName":"Chipata General Hospital","FacilityIndex":"7"},
{"ProvinceName":"Eastern", "DistrictName":"Chipata","FacilityName":"Mwami Hospital","FacilityIndex":"8"},
{"ProvinceName":"Eastern", "DistrictName":"Mambwe","FacilityName":"Kamoto Mission Hospital","FacilityIndex":"9"},
{"ProvinceName":"Eastern", "DistrictName":"Mambwe","FacilityName":"Masumba","FacilityIndex":"10"},
{"ProvinceName":"Luapula", "DistrictName":"Mansa","FacilityName":"Mansa General Hospital","FacilityIndex":"11"},
{"ProvinceName":"Luapula", "DistrictName":"Mansa","FacilityName":"Buntungwa RHC","FacilityIndex":"12"},
{"ProvinceName":"Luapula", "DistrictName":"Mansa","FacilityName":"Chembe RHC","FacilityIndex":"13"},
{"ProvinceName":"Luapula", "DistrictName":"Mansa","FacilityName":"Mabumba RHC","FacilityIndex":"14"},
{"ProvinceName":"Luapula", "DistrictName":"Nchelenge","FacilityName":"St. Pauls Hospital","FacilityIndex":"15"},
{"ProvinceName":"Lusaka", "DistrictName":"Lusaka District","FacilityName":"Chainama Hospital","FacilityIndex":"16"},
{"ProvinceName":"Lusaka", "DistrictName":"Lusaka District","FacilityName":"Matero Reference","FacilityIndex":"17"},
{"ProvinceName":"Northern", "DistrictName":"Kasama","FacilityName":"Kasama General Hospital","FacilityIndex":"18"},
{"ProvinceName":"NorthWestern", "DistrictName":"Kabompo","FacilityName":"Loloma Mission Hospital","FacilityIndex":"19"},
{"ProvinceName":"NorthWestern", "DistrictName":"Kasempa","FacilityName":"Mukinge Mission Hospital","FacilityIndex":"20"},
{"ProvinceName":"NorthWestern", "DistrictName":"Solwezi","FacilityName":"Solwezi General Hospital","FacilityIndex":"21"},
{"ProvinceName":"Southern", "DistrictName":"Livingstone","FacilityName":"Livingstone Hospital","FacilityIndex":"22"},
{"ProvinceName":"Southern", "DistrictName":"Mazabuka","FacilityName":"Mazabuka Hospital","FacilityIndex":"23"},
{"ProvinceName":"Southern", "DistrictName":"Namwala","FacilityName":"Namwala Hospital","FacilityIndex":"24"},
{"ProvinceName":"Southern", "DistrictName":"Siavonga","FacilityName":"Siavonga Hospital","FacilityIndex":"25"},
{"ProvinceName":"Western", "DistrictName":"Mongu","FacilityName":"Lewanika General Hospital","FacilityIndex":"26"},
{"ProvinceName":"Southern", "DistrictName":"Monze","FacilityName":"Monze Urban Clinic","FacilityIndex":"27"},
{"ProvinceName":"Lusaka", "DistrictName":"Kafue","FacilityName":"Nangongwe OPD/Maternity","FacilityIndex":"28"},
{"ProvinceName":"Lusaka", "DistrictName":"Kafue","FacilityName":"Chilanga","FacilityIndex":"30"},
{"ProvinceName":"Southern", "DistrictName":"Siavonga","FacilityName":"Lusitu","FacilityIndex":"31"},
{"ProvinceName":"Southern", "DistrictName":"Livingstone","FacilityName":"Dambwa North","FacilityIndex":"33"},
{"ProvinceName":"Southern", "DistrictName":"Livingstone","FacilityName":"Linda","FacilityIndex":"34"},
{"ProvinceName":"Southern", "DistrictName":"Livingstone","FacilityName":"Livingstone Airport","FacilityIndex":"35"},
{"ProvinceName":"Southern", "DistrictName":"Livingstone","FacilityName":"Mosi-oa-tunya","FacilityIndex":"36"},
{"ProvinceName":"Southern", "DistrictName":"Livingstone","FacilityName":"Livingstone Police","FacilityIndex":"37"},
{"ProvinceName":"Southern", "DistrictName":"Livingstone","FacilityName":"Prisons","FacilityIndex":"38"},
{"ProvinceName":"Southern", "DistrictName":"Mazabuka","FacilityName":"Kaonga","FacilityIndex":"39"},
{"ProvinceName":"Southern", "DistrictName":"Mazabuka","FacilityName":"Mugoto","FacilityIndex":"40"},
{"ProvinceName":"Southern", "DistrictName":"Mazabuka","FacilityName":"Mukuyu","FacilityIndex":"41"},
{"ProvinceName":"Central", "DistrictName":"Mumbwa","FacilityName":"ZAF Mumbwa Sick Quarters","FacilityIndex":"200"},
{"ProvinceName":"Central", "DistrictName":"Mumbwa","FacilityName":"ZNS Kalenda Camp","FacilityIndex":"201"},
{"ProvinceName":"Eastern", "DistrictName":"Chipata","FacilityName":"Gondar Camp Hospital","FacilityIndex":"202"},
{"ProvinceName":"Eastern", "DistrictName":"Chipata","FacilityName":"ZNS Chiwoko Camp","FacilityIndex":"203"},
{"ProvinceName":"Eastern", "DistrictName":"Katete","FacilityName":"ZNS Mtetezi Camp","FacilityIndex":"204"},
{"ProvinceName":"Eastern", "DistrictName":"Chipata","FacilityName":"ZNS Lumezi","FacilityIndex":"205"},
{"ProvinceName":"Eastern", "DistrictName":"Nyimba","FacilityName":"ZNS Nyimba Camp","FacilityIndex":"206"},
{"ProvinceName":"Lusaka", "DistrictName":"Chongwe","FacilityName":"ZNS Chongwe Camp","FacilityIndex":"207"},
{"ProvinceName":"Lusaka", "DistrictName":"Kafue","FacilityName":"ZNS Kafue Camp","FacilityIndex":"208"},
{"ProvinceName":"Lusaka", "DistrictName":"Lusaka District","FacilityName":"Arakan Camp Hospital","FacilityIndex":"209"},
{"ProvinceName":"Southern", "DistrictName":"Choma","FacilityName":"ZNS Choma Camp","FacilityIndex":"210"},
{"ProvinceName":"Southern", "DistrictName":"Livingstone","FacilityName":"Army School of Ordinance","FacilityIndex":"211"},
{"ProvinceName":"Southern", "DistrictName":"Livingstone","FacilityName":"ZAF Livingstone Sick Quarters","FacilityIndex":"212"},
{"ProvinceName":"Western", "DistrictName":"Kaoma","FacilityName":"Luena Barracks Camp Hospital","FacilityIndex":"213"},
{"ProvinceName":"Western", "DistrictName":"Kaoma","FacilityName":"ZNS Mangango Camp","FacilityIndex":"214"},
{"ProvinceName":"Southern", "DistrictName":"Livingstone","FacilityName":"Kasiya","FacilityIndex":"942"},
{"ProvinceName":"Central", "DistrictName":"Kabwe Urban","FacilityName":"Katondo","FacilityIndex":"943"},
{"ProvinceName":"Central", "DistrictName":"Kabwe Urban","FacilityName":"Kawama","FacilityIndex":"944"},
{"ProvinceName":"Copperbelt", "DistrictName":"Kitwe","FacilityName":"Kawama","FacilityIndex":"945"},
{"ProvinceName":"Copperbelt", "DistrictName":"Ndola","FacilityName":"Kawama","FacilityIndex":"946"},
{"ProvinceName":"Central", "DistrictName":"Mumbwa","FacilityName":"Kayanga","FacilityIndex":"947"},
{"ProvinceName":"Lusaka", "DistrictName":"Kafue","FacilityName":"Kazimva","FacilityIndex":"948"},
{"ProvinceName":"Copperbelt", "DistrictName":"Ndola","FacilityName":"Lubuto","FacilityIndex":"950"},
{"ProvinceName":"Southern", "DistrictName":"Livingstone","FacilityName":"Mahatma Gandhi","FacilityIndex":"951"},
{"ProvinceName":"Copperbelt", "DistrictName":"Ndola","FacilityName":"Masala Main","FacilityIndex":"952"},
{"ProvinceName":"Central", "DistrictName":"Chibombo","FacilityName":"Malambanyama","FacilityIndex":"953"},
{"ProvinceName":"Central", "DistrictName":"Chibombo","FacilityName":"Malombe","FacilityIndex":"954"},
{"ProvinceName":"Lusaka", "DistrictName":"Lusaka District","FacilityName":"Mandevu","FacilityIndex":"955"},
{"ProvinceName":"Copperbelt", "DistrictName":"Ndola","FacilityName":"Masala New","FacilityIndex":"956"},
{"ProvinceName":"Southern", "DistrictName":"Mazabuka","FacilityName":"Mbayamusuma","FacilityIndex":"957"},
{"ProvinceName":"Central", "DistrictName":"Chibombo","FacilityName":"Momboshi","FacilityIndex":"958"},
{"ProvinceName":"Central", "DistrictName":"Kabwe Urban","FacilityName":"Kabwe Medium Prison","FacilityIndex":"959"},
{"ProvinceName":"Copperbelt", "DistrictName":"Kitwe","FacilityName":"Mulenga","FacilityIndex":"960"},
{"ProvinceName":"Central", "DistrictName":"Mumbwa","FacilityName":"Mwembeshi","FacilityIndex":"961"},
{"ProvinceName":"Central", "DistrictName":"Mumbwa","FacilityName":"Nampundwe","FacilityIndex":"962"},
{"ProvinceName":"Southern", "DistrictName":"Mazabuka","FacilityName":"Nanga","FacilityIndex":"963"},
{"ProvinceName":"Central", "DistrictName":"Kabwe Urban","FacilityName":"Natuseko","FacilityIndex":"965"},
{"ProvinceName":"Lusaka", "DistrictName":"Chongwe","FacilityName":"Ngwerere RHC","FacilityIndex":"966"},
{"ProvinceName":"Copperbelt", "DistrictName":"Ndola","FacilityName":"Nkhwazi","FacilityIndex":"967"},
{"ProvinceName":"Copperbelt", "DistrictName":"Ndola","FacilityName":"Twapia","FacilityIndex":"968"},
{"ProvinceName":"Copperbelt", "DistrictName":"Kitwe","FacilityName":"Wusakile Government","FacilityIndex":"969"},
{"ProvinceName":"Central", "DistrictName":"Kabwe Urban","FacilityName":"Bwacha","FacilityIndex":"970"},
{"ProvinceName":"Central", "DistrictName":"Mumbwa","FacilityName":"Kapyanga","FacilityIndex":"971"},
{"ProvinceName":"Lusaka", "DistrictName":"Kafue","FacilityName":"Kris Katumba","FacilityIndex":"972"},
{"ProvinceName":"Lusaka", "DistrictName":"Chilanga","FacilityName":"Makeni Konga","FacilityIndex":"973"},
{"ProvinceName":"Central", "DistrictName":"Chibombo","FacilityName":"Kayosha","FacilityIndex":"974"},
{"ProvinceName":"Central", "DistrictName":"Chibombo","FacilityName":"Twalumba","FacilityIndex":"975"},
{"ProvinceName":"Lusaka", "DistrictName":"Chongwe","FacilityName":"Chainda","FacilityIndex":"976"},
{"ProvinceName":"Lusaka", "DistrictName":"Kafue","FacilityName":"Chanyanya","FacilityIndex":"977"},
{"ProvinceName":"Central", "DistrictName":"Chibombo","FacilityName":"Chibombo","FacilityIndex":"978"},
{"ProvinceName":"Lusaka", "DistrictName":"Kafue","FacilityName":"Chikupi","FacilityIndex":"979"},
{"ProvinceName":"Central", "DistrictName":"Chibombo","FacilityName":"Chipembi","FacilityIndex":"980"},
{"ProvinceName":"Southern", "DistrictName":"Siavonga","FacilityName":"Chipepo","FacilityIndex":"981"},
{"ProvinceName":"Central", "DistrictName":"Chibombo","FacilityName":"Chisamba","FacilityIndex":"982"},
{"ProvinceName":"Lusaka", "DistrictName":"Kafue","FacilityName":"Chisankane","FacilityIndex":"983"},
{"ProvinceName":"Central", "DistrictName":"Chibombo","FacilityName":"Chitanda","FacilityIndex":"984"},
{"ProvinceName":"Lusaka", "DistrictName":"Luangwa","FacilityName":"Chitope","FacilityIndex":"985"},
{"ProvinceName":"Lusaka", "DistrictName":"Chongwe","FacilityName":"Chongwe HC","FacilityIndex":"986"},
{"ProvinceName":"Southern", "DistrictName":"Livingstone","FacilityName":"Hillcrest","FacilityIndex":"987"},
{"ProvinceName":"Copperbelt", "DistrictName":"Kitwe","FacilityName":"Ipusukilo","FacilityIndex":"988"},
{"ProvinceName":"Southern", "DistrictName":"Mazabuka","FacilityName":"Itebe","FacilityIndex":"989"},
{"ProvinceName":"Lusaka", "DistrictName":"Kafue","FacilityName":"Kafue District Hospital","FacilityIndex":"990"},
{"ProvinceName":"Copperbelt", "DistrictName":"Ndola","FacilityName":"Kaloko","FacilityIndex":"991"},
{"ProvinceName":"Lusaka", "DistrictName":"Kafue","FacilityName":"Kambale","FacilityIndex":"992"},
{"ProvinceName":"Lusaka", "DistrictName":"Lusaka District","FacilityName":"Kamwala","FacilityIndex":"993"},
{"ProvinceName":"Copperbelt", "DistrictName":"Ndola","FacilityName":"Kaniki","FacilityIndex":"994"},
{"ProvinceName":"Lusaka", "DistrictName":"Lusaka District","FacilityName":"Kanyama West","FacilityIndex":"995"},
{"ProvinceName":"Southern", "DistrictName":"Siavonga","FacilityName":"Kapululira","FacilityIndex":"996"},
{"ProvinceName":"Central", "DistrictName":"Kabwe Urban","FacilityName":"Kasanda","FacilityIndex":"997"},
{"ProvinceName":"Lusaka", "DistrictName":"Luangwa","FacilityName":"Kasinsa","FacilityIndex":"998"},
{"ProvinceName":"Southern", "DistrictName":"Livingstone","FacilityName":"Namatama","FacilityIndex":"1056"},
{"ProvinceName":"Central", "DistrictName":"Kabwe Urban","FacilityName":"Mpima Prison","FacilityIndex":"1057"},
{"ProvinceName":"Central", "DistrictName":"Kabwe Urban","FacilityName":"Mahatma Gandhi Memorial","FacilityIndex":"1058"},
{"ProvinceName":"Southern", "DistrictName":"Mazabuka","FacilityName":"Nanga PLC","FacilityIndex":"1059"},
{"ProvinceName":"Southern", "DistrictName":"Mazabuka","FacilityName":"Research Station","FacilityIndex":"1060"},
{"ProvinceName":"Southern", "DistrictName":"Livingstone","FacilityName":"Simoonga","FacilityIndex":"1062"},
{"ProvinceName":"Southern", "DistrictName":"Livingstone","FacilityName":"Nsongwe","FacilityIndex":"1063"}
]
